f_name;l_name;address;phone
Susan;Holt;4323 Tyler Radial Apt. 319;736-484-6303x97309
Bradley;Reyes;530 Christopher Corners Apt. 245;809.010.3050x6921
Ashley;Krueger;95531 Amanda Place;001-037-984-2001x4576
Kathleen;Holland;PSC 1697, Box 2280;431.602.0050x8542
Michael;Orozco;18573 Leslie Causeway Apt. 162;736.840.6076
Brittany;Johnson;4145 French Crescent;(783)742-1037x33296
Michael;Morrison;450 Henderson Glens Suite 926;+1-872-547-1623x05991
Sara;Brandt;470 Callahan Mountains;001-358-811-5342x66887
Dominic;Martin;819 Swanson Club;079.245.6472x8513
Garrett;Hall;58901 Drake Manors;669-106-5219
Eric;York;04359 Gregory Street;750-393-7038x101
Mary;Perkins;3416 Joseph Mount Apt. 418;046.219.9206
Theresa;Turner;850 Harris Falls Suite 801;4484486344
Annette;Brooks;9651 Moore Causeway Suite 317;172-687-5517x0809
Joshua;Cantrell;21220 Taylor Field;722-888-9766x146
Kenneth;Sullivan;510 Woods Ranch Apt. 108;+1-725-969-4810
Christina;Martin;322 Anthony Lake Apt. 236;001-841-495-1145
Johnny;Lucas;6515 Edward Plains Suite 828;6465735842
Nancy;Dawson;0243 Hendricks Loaf Suite 699;+1-742-250-0672
Angel;Turner;23357 Singh Stream Suite 738;001-606-811-7092x785
Judith;Simpson;690 Joseph Meadows;001-148-960-8762x655
Kyle;Griffin;USNV Lozano;(281)851-7821x07600
Guy;Proctor;8117 Patricia Loaf;001-412-011-3713x03385
Sandra;Stanley;697 Deanna Coves Suite 151;001-854-212-8846
Sandra;Rice;33936 White Spur Suite 335;(669)761-2020
Larry;Montoya;91082 Vaughn Forest;3760425839
Judith;Stevenson;Unit 9751 Box 5273;4896112945
Ashlee;Harris;529 Rice Highway Apt. 702;001-543-825-7190x03014
Kimberly;Anderson;42652 Greene Prairie;(500)587-9719x1209
Brandon;Mitchell;07735 Sanders Rapids;001-195-230-7781x34381
David;Jimenez;688 Jermaine Parkways Apt. 993;172-121-0913
John;Mcdonald;375 Catherine Mission Suite 149;+1-941-530-6190
Alison;Nguyen;59810 Steve Heights Suite 478;(438)073-4944x20540
Katie;Henderson;737 Wilson Tunnel;792-871-9781x88753
Cynthia;Barnes;687 Perez Way Suite 843;+1-862-793-1773x9007
Carrie;Thompson;46009 Nicole Underpass;434.081.1319
Bruce;Davis;739 Stokes Lock Suite 608;(350)550-2622
Jennifer;Williams;15125 Sawyer Brooks;(482)774-4871x18475
Sylvia;Sanchez;Unit 3435 Box 4727;172-424-9964x10574
Earl;Cook;3550 Terrell Village;(886)668-6567x378
Amanda;Carpenter;357 Christopher Plaza;+1-000-524-1838x0736
Crystal;Brown;9949 Wade Prairie;286.417.6837
Christine;Braun;61302 Ford Junction Suite 963;119-343-8317
Natasha;Carlson;903 Evans Mountain Apt. 231;+1-710-406-1432x964
Donna;Baldwin;685 Sheila Underpass Apt. 573;(186)425-1325x05226
Barbara;Holmes;730 Hicks Row Suite 380;929-999-5415
Jessica;Reid;061 Joseph Knoll Suite 987;(649)417-8874x656
Christina;Ramos;Unit 7243 Box 8283;(150)942-2987x1151
Toni;Sanchez;135 Thompson Centers;+1-189-774-3134x2563
Chris;Swanson;42450 Thompson Union Suite 317;001-504-456-6412x4038
Travis;Henderson;148 Bell Flat Suite 336;+1-363-594-2437x60571
Kelly;Hoffman;611 Jennifer Flats Suite 095;632.266.2037x4130
Shelly;Doyle;491 Cynthia Springs Apt. 193;001-068-517-8821x8534
Sarah;Williams;1335 Huynh Parkway Apt. 424;1172451969
Ralph;Jones;USNV Gibson;569-668-7325x0822
Jamie;Mcintyre;144 Collins Inlet;057.548.9465x349
Monica;Bell;1416 Katie Ferry;(108)274-1860x02142
Richard;Miller;984 Miles Turnpike Apt. 715;742.354.6094x827
Jack;Wells;8213 Peter Pass;8711593333
Jacob;Branch;9516 Christopher Canyon Apt. 280;562.445.9622x80964
Christopher;Lopez;534 Kimberly Lane;+1-703-583-7113
Antonio;Davis;547 Smith Wells Apt. 331;(804)129-5843x5894
Courtney;Martinez;580 Michael Causeway Suite 302;462.060.6375
Judy;Riggs;PSC 5902, Box 4581;314-928-8337
William;Lawrence;Unit 0815 Box 4458;(623)903-7058
Deborah;Burton;85488 Hernandez Branch Apt. 043;038.450.1314
Richard;Rodriguez;239 Clayton Stravenue Apt. 009;+1-378-162-2828x92361
Mason;Simon;53795 White Port;814-522-9982x44564
Catherine;Smith;74824 Garcia Causeway;001-625-915-6066x86269
Sherri;Evans;954 Scott Junctions Apt. 071;(981)563-7901
Jacob;Goodwin;15246 Christopher Circle;001-594-495-6198
Michael;Maldonado;0882 Lee Spurs;(201)500-5955x97202
Cynthia;Joseph;655 Harris Parks;+1-207-781-9157
John;Davis;USCGC Rodriguez;846.642.6849x0017
Tracy;Jackson;902 Claudia Meadows Suite 933;921.447.4473x182
Tammy;Murphy;Unit 8288 Box 6952;9089118413
Victor;Carter;680 Wright Creek;9411260501
Jason;Smith;977 James Viaduct;(564)891-9471
Martin;Hudson;22164 Miller Passage Apt. 477;844.390.3148x7274
Jessica;Roberts;6571 Price Stream Suite 656;399-926-6541x769
Sierra;Walsh;1911 Hart Squares;(095)948-2563
Daniel;Smith;88955 William Rue;+1-022-135-0609x704
Brittany;Russo;Unit 8960 Box 3399;001-239-947-0488
Dawn;Goodman;52941 Sheppard Corner Suite 243;+1-489-205-3096x3460
Kelly;Harper;9495 Parker Gateway Suite 884;2079739523
Janet;Brown;9331 Davis Drive;+1-386-063-9309x06778
Rebecca;Miles;41130 Amy Ranch;840-795-1853
Jimmy;Lawrence;USS Williams;001-447-607-6120
Leroy;Brown;00105 Gonzales Spurs Suite 155;+1-749-394-4094x0386
Anna;Proctor;6765 Aguirre Brooks Suite 774;001-823-852-2529x01209
Stephen;Campbell;607 John Knoll Suite 116;001-011-633-3902x537
Amber;Johnson;172 Lowe Lock;036-519-6131x907
Joshua;Hughes;400 Kevin Rapids;001-215-212-4988x4757
Emily;Ray;218 Robert Island Suite 049;426-569-5629
Jared;Martinez;71215 Sarah Lodge;001-038-746-8486x015
Billy;Griffith;PSC 0348, Box 5667;001-535-253-3539x777
Joshua;Vang;148 Lane Avenue;919-445-3613x362
Patricia;Koch;PSC 7970, Box 9686;155.093.9179
Sierra;Joseph;3751 Obrien River;(691)707-7031x20245
Cameron;Bell;808 David Radial Suite 289;5519060784
Stephanie;Kirby;95120 Duran Locks;+1-556-512-4438x55342
Gary;Maldonado;36315 Lewis Hill;833.843.0272x70464
Brandon;Jones;645 Estes Common Apt. 069;6362919820
Robin;Mendoza;95720 Perry Skyway;001-873-474-6992x01720
Danielle;Green;33185 Sarah Row;(600)595-6367x80391
Kimberly;Williams;70981 Franklin Route;(303)347-8233
William;Franco;PSC 4339, Box 4282;020.762.8623x6614
Brian;Schaefer;774 Amy Road;(746)172-2551x19230
Kathleen;Anderson;51373 Smith Path Suite 598;(644)283-4607
Charles;Lewis;82198 Parker Underpass;001-787-231-3427x2146
Tyler;Beck;67610 Hebert Locks Suite 799;787-514-2391x3121
Luis;Ramos;874 Chris Ford;001-696-139-3083x7796
Carol;Pearson;4975 Michael Route Suite 930;329-128-1365
Karen;Dunn;819 Jennifer Lights;295-742-7796x0041
Susan;Blanchard;81186 Danielle Corners Apt. 729;202-266-4199x804
Jacob;Daniel;1784 Crawford Fork Apt. 570;244-630-1867x896
Alexa;Willis;59587 Melissa Springs Suite 558;(889)782-7596x22607
Melissa;Martin;4592 Miranda Common;265.975.5113x2130
Jared;Koch;98117 Christian Curve Suite 402;998.061.4659
Kimberly;Davis;805 Roth Valleys Apt. 304;001-828-493-6408x446
Helen;Drake;27644 Sarah Ranch Apt. 330;078-596-5256x983
Brenda;Bell;6453 Cook Trace;167-973-6124
Mary;Deleon;824 Thomas Parkway;(651)442-8385
Jose;Jones;86973 Michelle Greens;5284147083
Michael;Frye;13241 Cheyenne Rapids Apt. 725;633-117-1136x1366
Renee;Garrett;6904 Shelly Vista Suite 690;777.073.0408x0863
Anthony;Morrison;70114 Williams Vista Suite 985;001-552-306-5350
Donna;Salazar;Unit 2116 Box 4522;001-565-359-0313x90248
Brandi;Scott;Unit 9584 Box 6136;136-925-5084x72672
Elizabeth;Franklin;02035 Curtis Knoll Suite 812;935.997.7543x516
Matthew;Holt;10003 Cox Drive Suite 517;+1-739-051-3956x8486
Kaitlin;Gutierrez;Unit 8604 Box 7441;001-701-186-1464x577
Christopher;White;95014 Lucas Village;731-409-5208
Anne;Castaneda;PSC 2163, Box 7008;+1-459-973-3036x051
Eric;Snyder;822 Stephanie Gardens Apt. 716;001-609-486-5696x4523
Michael;Sutton;790 Craig Knolls;(700)617-2052
Jake;Ortega;9310 Eric Harbor;001-073-979-9039
Daisy;Garza;834 Amanda Tunnel;867.450.3672x598
Stephanie;Huffman;USCGC Simon;001-345-844-4484
Colleen;Peterson;90745 Willie Trace Apt. 272;201.381.4900
George;Walker;USNV Collier;523-510-0668
Karen;Allen;1901 Joshua Knolls Suite 544;590-649-0821x883
Billy;Rodgers;99482 Donna Union Suite 513;905.433.7484
Chad;Brown;0878 Smith Cape Apt. 032;204-383-7278
Wendy;Rodriguez;492 Keith Well Suite 315;206-772-2638x73395
Jon;Craig;676 Graham Manor;+1-090-547-4183x1138
Joseph;Ryan;105 Joshua Path;(366)133-3680x31727
Shawn;Johnson;257 Brown Dale Apt. 693;871-904-6874x5397
Corey;Johnson;80455 Amanda Cape Apt. 622;001-971-141-3216x475
Christopher;Young;8166 Garrett Ford;(772)955-5376x8546
Chelsea;Ray;Unit 6708 Box 2328;792.410.9879x61454
George;Hall;2759 Vanessa Loaf Suite 079;8040978319
Francisco;Moore;59581 Fisher Harbor Suite 614;001-330-002-2140x814
Matthew;Roth;3394 Erica Road;(004)479-5100
Michael;Williams;1064 Cruz Plains Apt. 587;110.386.0311x73322
Toni;Obrien;79126 Lisa Radial;842-285-9880x2905
Ryan;Hughes;661 Terri Wall Suite 224;9784800906
Thomas;Obrien;25737 Sampson Court;(728)434-9356
Raymond;Anderson;60777 Rosales Keys Suite 371;456-570-8483x6982
Lori;Meadows;450 Natasha Prairie Apt. 203;112-761-4152
Erica;Moore;78822 Sharon Mill;8942620933
Michael;Williams;550 Allen Estate;932.324.1054x30494
Rebekah;Heath;58938 Walker Lights Suite 425;(183)613-4046
Bryan;Harris;33710 Donaldson Viaduct;(710)658-1860
Robert;Foster;70832 Amanda Plaza;+1-228-663-3818x6407
Elizabeth;Massey;078 Jackson Greens;(003)698-7844x11019
Steven;Hawkins;57629 Moses Mall;603.647.1035
Jeremy;Rios;PSC 9426, Box 5924;001-670-560-6159x6831
Duane;Robertson;USNS Owen;742.371.3012
Amber;Villarreal;3986 Robert Harbor Suite 325;+1-184-324-4720x185
Lindsey;Miller;0054 Nicole Lodge Apt. 862;792.910.9702x628
Lee;Vang;8698 Castaneda Drive;403.900.1801
Summer;Key;4172 Petersen Springs Suite 696;001-270-459-2522
Samuel;Costa;9484 Perez Fields Apt. 650;+1-535-403-9307x25746
Michael;Allison;2525 Alvarez Roads;+1-037-452-7112
Donald;Garcia;96586 Tiffany Common;054.050.7937x918
Bryan;Lawrence;238 Daniel Ways;3024784613
Christopher;Sanchez;4228 Parker Keys;2866236046
Jeremiah;Reid;8215 Juan Corner;+1-486-830-5324
Jonathan;Cox;235 Stanley Fort Suite 536;001-007-666-9703x5725
Dennis;Gallegos;31687 Green Row;476-340-9515x0566
Kimberly;Johnson;6133 Jared Village Apt. 642;+1-292-545-3576x98904
Craig;Phillips;885 Sharon Light;+1-237-907-7948x5354
Bradley;Stewart;744 Chapman Ridge;(703)930-0113x9568
James;Patton;Unit 1927 Box 8700;648.802.0431
Kristina;Berry;30922 Dustin Greens Suite 457;(304)984-2372x05387
Teresa;Alvarez;618 Jasmine Dale Suite 471;001-686-267-9553x70549
Amy;Jones;18123 Jesse Landing Suite 346;+1-240-020-9448x281
Diana;Smith;451 Romero Trafficway;551-991-4764
Michelle;Williams;949 Matthew Mountains Suite 065;071-603-9552
Christie;Perry;7355 Jeanne Mills Suite 054;5224547667
William;Huber;91938 Elizabeth Place Apt. 593;746-897-3786x8181
Jeanne;Huber;779 Strickland Causeway Suite 251;3630436009
Eric;Murphy;710 Moore Views Apt. 907;497.905.0405
Jennifer;Moss;99476 Steven Dam Apt. 482;+1-675-988-6986x746
Tiffany;Gallagher;9784 Stevens Trafficway;(261)475-3913x948
Kevin;Bowen;1158 Martinez Radial;001-392-679-4832
Charlotte;Conway;Unit 9237 Box 6158;001-395-967-5612x1939
Nicole;Aguilar;7887 Gerald Harbors Apt. 567;708.531.6131
Julie;Rodriguez;06664 Laura Brooks;646-396-4117x13179
Sharon;Brown;54084 Gardner Village Suite 205;(133)735-5669
Kimberly;Sanchez;PSC 5586, Box 5191;130.479.7550x602
Julia;Mills;151 Edwards Unions;001-762-051-7254
Monica;Barnett;91421 Jeremiah Passage;(910)263-8819x6909
Michael;Donaldson;002 Brandon Center Apt. 930;4396380139
George;Garrison;58681 Jonathan Track Apt. 236;6570558171
Vanessa;Gomez;44804 Shaun Mount;+1-261-100-7964x0441
Bradley;Stewart;664 Joseph Fort;764.022.4072x22926
Rachel;Green;4206 Michael Knolls;925-067-9823x88556
Alex;Thomas;38679 Jasmine Course Apt. 768;+1-862-114-5622x739
Lindsey;Flowers;6815 Regina Plains;038.309.4057x401
Sherry;Nelson;717 Durham Courts Apt. 970;001-468-188-8462x1480
Nathaniel;Harrison;6098 Jeffrey Crossroad Apt. 159;547-369-6409
Caitlin;Mayer;20578 Tom Throughway;613-502-3979
Brenda;Williams;078 Ellis Mission Suite 305;+1-526-770-7852x2229
Peter;Ware;951 Richard Skyway Apt. 633;539-121-9658x1621
Brandi;Forbes;101 Holland Spring;+1-247-341-1697x7573
Jerome;Duran;4692 Lisa Glen;197-260-7946
Michael;Gates;PSC 1296, Box 5507;001-602-621-8229x113
Trevor;Powell;488 Martha Knoll;+1-059-673-1430x24364
Jeffery;Ramirez;88491 Andrew Stream;(429)485-5084x9289
Karen;Allen;49856 Williams Mills;281.171.7649x43799
Steven;Lee;772 Schneider Freeway Apt. 859;(704)591-1071x926
Stephen;King;877 Brian Falls Suite 582;+1-317-741-0544x320
Cody;Martinez;02556 Bernard Field;(862)351-3863x28528
Christina;Gordon;328 Gutierrez Ranch;001-715-587-9053x30169
Madeline;Johnson;2828 Joel Park;870-646-3003x874
Roberto;Williams;4608 Elaine Road;001-326-233-2194x9649
Jennifer;Perry;6464 Andrea Rest;(779)315-4906x7184
David;Beard;5437 Mitchell Cliff Apt. 642;076.309.1483x85675
Destiny;Barry;144 Miller Rapid;001-171-813-5522x81406
Gregory;Hart;5293 Hanna Trail;780-146-5621
Jeremiah;Keith;5157 Gray Springs;001-526-363-0588x811
Rebecca;Brown;83189 Adams Falls;+1-954-053-3416x5317
Joseph;Castro;Unit 0834 Box 2581;489.293.3083
John;Benitez;220 Daniel Skyway;1341075984
Melissa;Washington;919 Davis Road Suite 267;(018)849-7163
Duane;Gray;72445 Kimberly Plains Suite 734;762-297-2199x0985
Laura;Harrison;1731 Ryan Street Apt. 032;0297131023
William;Finley;18686 Frank Squares Suite 607;096-291-5286
Arthur;Roy;01369 Bailey Corners;052.164.6561x871
Sean;Miller;1804 Stewart Port;400-093-6177x149
Amber;Obrien;002 Foster Stravenue Apt. 967;001-763-511-0191x671
Adrian;Davis;20546 Travis Expressway Apt. 959;(009)036-3359x6960
Elizabeth;Arroyo;99837 Kevin Causeway;001-712-818-9076x470
Diana;Herrera;22117 Brown Mall Suite 817;533.203.5368
Nicole;Hoffman;5816 Shawn Drive;602.018.3999
Kyle;Carpenter;474 Jones Common Apt. 205;5869404940
Stephen;Floyd;2603 Arroyo Mission Apt. 881;210-754-0658x358
Vanessa;Wells;991 Smith Locks;440-856-8402x07270
Jose;Henry;550 Vazquez Islands;730-998-4784
Derrick;Williams;52307 Mary Neck Apt. 949;037-635-1122x753
Stephen;Snyder;2515 Deleon Mission;+1-626-317-2452
Larry;Velez;4860 Mary Rapids Suite 562;1621075034
Gerald;Bennett;853 Oscar Rapid Suite 299;639-255-0661x885
Tiffany;Warren;712 Johnson Circles Suite 584;001-311-355-8203x82666
Shelby;Jones;7160 Parker Valley;(434)991-9749x570
Jasmine;Griffith;556 Rachel Pike Suite 385;001-255-402-5324
Jeremy;Acosta;803 Clark Greens Apt. 191;622.089.7309x605
Susan;Moore;0914 Eugene Curve Apt. 873;639.451.1844
Julie;Foster;98898 Kelly Forest;001-414-020-8629x171
Christina;Rose;4101 Lopez Island;673-251-0429x56393
Alexander;Kennedy;USNV Spears;(700)153-8548x88651
Timothy;Lara;0657 Barr Land;+1-706-402-1727
Dustin;Hall;25001 Donald Court Apt. 501;+1-238-768-7764x51950
Roger;Schroeder;6534 Davis Ville Apt. 661;001-812-599-8538x3346
Nancy;Sharp;20235 Gibson Fields Suite 613;2196515698
Mark;Goodman;359 Angela Lakes Suite 908;001-278-063-6738x949
Jesse;Davis;953 Bell Rapids Suite 647;+1-932-640-8372x8629
William;Howard;41469 Taylor Points Apt. 220;(440)761-7922x5368
Victoria;Ramirez;USNS Gonzalez;3664955280
Brent;Woods;892 Grant Shore Apt. 446;+1-677-698-1728x780
Mary;Turner;38602 Christina Burgs;001-043-854-0059x20639
Lisa;West;383 Brianna Tunnel;740.862.9627
Laura;Romero;PSC 3089, Box 3338;2341839856
Mark;Mullen;6222 Scott Green Suite 882;193-961-8620x85074
Maxwell;Hill;30630 Raymond Row;878-254-7131
Stephen;Hanson;PSC 4696, Box 3918;001-943-414-2908x9603
Donna;Rodriguez;279 Tucker Ways Apt. 543;001-924-754-4261
John;Reed;USNS Reid;+1-254-822-7612x393
Kenneth;Marshall;9516 Carolyn Parks;+1-462-574-6502x83750
Francisco;Fowler;07563 Johnson Haven Suite 023;(917)040-7443
Maria;Garner;Unit 9308 Box 0517;+1-921-632-4478x51564
Tracey;Lawrence;76743 Mark Ville Apt. 953;(657)925-5904x4037
Lisa;Garza;2400 Andrew Locks Suite 115;395-591-3810x53960
Lisa;Luna;15730 Cox Bypass Apt. 841;+1-595-392-6695x2870
Jennifer;Lee;45046 Weber Extensions;+1-065-680-0653
Danny;Lin;PSC 7551, Box 2337;402-880-4736
Alejandra;Buchanan;69055 Hall Point;001-330-306-0928
Ronald;Stewart;7577 Watson Mountains Suite 419;001-261-524-6511x74571
John;Curtis;9587 Virginia Center Apt. 039;+1-902-575-8180
Anthony;Stewart;4593 Mark Fords;852-940-6359x6895
Jennifer;Ward;5685 Martinez Station Apt. 657;668.397.0751x37723
Sarah;Murphy;5196 Kelly Lock;(628)611-5497
David;Holder;38391 Elizabeth Vista;(948)449-4726
Ricardo;Reed;02684 Jenny Pine Suite 582;580.311.1803
Kathryn;Adkins;093 Thompson Mission;228-085-7341x6407
Jose;Ryan;20015 Gregory Center Apt. 037;7198739873
Jill;Johnson;123 Nguyen Motorway Apt. 336;649-089-7084x25000
Steven;Gray;71876 Rebecca Village Apt. 894;199.501.6211x643
Pamela;Russell;USS Byrd;(558)909-8350x213
Michelle;Carson;64834 Caldwell Mission Suite 153;001-207-668-1404x753
Dawn;Byrd;9103 Lucas Center;(058)944-1058x1854
Jerry;Lee;9547 Candace Station;+1-462-348-0083
April;Foster;480 Elizabeth Groves;1482645858
Timothy;Smith;8163 Morgan Port Apt. 559;001-692-344-8024x0787
Robert;Garcia;4815 Wall Ville Suite 006;001-245-766-6416x5869
Chris;Spears;547 Courtney Plains Suite 184;454-021-0787x864
Kelly;Wang;6306 Erik Canyon;001-867-885-5226x9455
John;Williams;9608 Holly Unions Suite 907;(879)333-5142x9131
Christian;Cole;272 Claire Glen Apt. 514;617.488.0830x313
Corey;Bailey;5602 Tanner Point Apt. 932;647.304.0253x56170
Cody;Wolfe;22274 Bowman Prairie Suite 540;+1-800-048-6783
Megan;Mathews;77074 Knox Locks Suite 199;8442844658
Steven;Contreras;225 Wright Heights;494-441-9382
Mark;Taylor;USCGC Olson;895-541-4506x164
Stephanie;Arellano;685 Pamela Circle;849.974.3576x2418
Christopher;Collins;694 Emma Roads;(621)374-8683
Brandon;Gibbs;39542 Edward Summit;015-462-3057x906
Robert;Williams;5980 Karina Mills;(182)608-8323x7252
Jasmine;Martinez;6861 Stephanie Curve Apt. 066;+1-484-920-5025
Jerome;Henderson;252 Robert Mount Suite 070;(009)264-8397x466
Susan;Sanchez;USS Holland;001-850-620-6928x4577
Patrick;Barnes;3803 Stevens Pine Apt. 425;(652)842-2147x435
Roy;Martin;7331 Hayes Summit Suite 452;(564)497-7094
Kenneth;Ryan;0500 Young Extensions;(864)939-6789
Cindy;Padilla;101 Powell Lights Apt. 459;+1-700-486-1335
David;Johnson;981 Jones Passage;(880)696-0517x0515
Brian;Porter;35634 Nathan Plains Suite 105;278.883.2319x95704
Lindsay;Morales;70632 Robert Springs Apt. 680;001-252-064-9271x2209
Joseph;Jones;0296 Johnson Street Suite 143;340.693.0198x3878
Paula;Johnson;240 Richardson Street Suite 286;(906)180-5610x391
Jason;Nielsen;65853 Joseph Mountain;+1-486-583-4315x05504
Julie;Riley;8566 Brian Center;001-087-365-2944
Randy;Jones;175 Porter Rapid Suite 562;818-692-5675x905
Jack;Wilson;5669 Mark Ridge Apt. 140;828-934-8669x30695
Julia;Duncan;7519 Andrew Harbor;0534636369
Michael;Mckee;920 Ashley Path;014.126.6570x45976
Jessica;Washington;139 Xavier Glens;001-894-126-5793
Cory;Myers;8722 Ralph Harbor Suite 177;001-080-862-2515x6507
Patrick;Davis;254 Johnathan Flats Suite 395;(909)119-3939
Regina;Turner;798 Daniel Mountains;536-749-0656
Samantha;Smith;81875 Odonnell Grove;+1-683-676-7548x08105
Corey;Scott;6074 Figueroa Squares;001-726-891-3010
Angela;Turner;USCGC Hernandez;3375552696
Kathleen;Jones;871 Wanda Wells Apt. 218;001-337-234-2262x092
Richard;Smith;08735 Perez Circle Apt. 565;(978)385-2536x182
Patty;Wright;28708 Ann Village Apt. 653;740.702.1365
Kevin;Webb;781 Smith Motorway Apt. 731;745.003.7330
Susan;Coleman;05399 Miranda Terrace;+1-887-064-7091x86362
Maxwell;Mcpherson;2796 Harper Villages Suite 043;092-474-5546x9080
Kenneth;Miller;136 Daniels Way;(606)798-2344x252
Shannon;Gonzalez;USCGC Graham;001-368-548-2446x69807
Katherine;Hernandez;0831 David Avenue;001-016-359-8079
Renee;Rodriguez;USS Harris;926.262.7891
Melissa;Pierce;643 Deborah Flat;(274)824-9189x493
Jeffrey;Cervantes;72572 Brian Mews Apt. 083;050.134.4223x4777
William;Oliver;1030 Steven Viaduct Suite 000;+1-743-846-0040x7509
Brittany;Davis;31489 Ryan Overpass Apt. 103;787.186.4517
William;Harris;593 Theresa Village;305-311-0719x68203
Bryan;Gilbert;1825 Harrison Fort;+1-353-042-2717
Rita;Escobar;9018 Bond Union Suite 932;066-142-7830
Brandon;Gray;7424 William Mission;128.663.4773
John;Carter;2478 Don Underpass;292.045.4665x073
Abigail;Bell;08590 April Heights Apt. 345;(112)796-4821
John;Roberts;871 Smith Wall;050.758.5970x2952
Jerry;Davis;78768 Arnold Row Apt. 524;001-111-197-8901x53000
Carl;Morrow;5575 Hudson Alley Suite 030;1003389581
Timothy;Gutierrez;0296 Jeremy Course;(508)695-2149x305
Gary;Wells;54931 Sherry Burg Apt. 584;442.288.1298
Carrie;Simmons;5587 Joseph Common;6922961307
Thomas;Burns;186 Hansen Haven Apt. 219;352-745-2108x2004
Andrew;Smith;USCGC Kelly;(018)017-7451x388
Mario;Keller;62630 Alexandra Lights Suite 853;001-325-401-7460x9816
Denise;Cowan;5304 Thomas Trace;001-336-626-9631x466
Richard;Gardner;2075 Amber Mountains Apt. 196;502.453.9258x6492
Elizabeth;Young;81067 Michelle Walk Apt. 919;001-571-038-8808
Cynthia;Johnson;26044 Miller Landing;272.339.0370x272
Daniel;Mathis;948 Daniel Streets Suite 429;351-306-0194
Maria;Freeman;53482 Griffin Mall;100.478.4558x647
Jennifer;Gardner;330 Gabriel Rest Suite 308;001-042-348-6628x442
Andrew;Bailey;PSC 3459, Box 4573;425.778.9713
Ellen;Bowman;824 Monica Fall;7482447828
Jennifer;Garcia;8109 Dudley Plains;(610)558-0045
Amber;Hurst;153 Kevin Hill;(201)035-6804
Robert;White;1972 Anthony Terrace;260.878.6298x94984
Mike;Sanders;83013 May Stravenue Suite 472;(579)843-7108
Jon;Patel;5725 Kenneth Overpass;+1-292-071-6909x6438
Morgan;Howard;13966 Soto Creek Apt. 217;219-139-6190x9373
Kelly;Hudson;Unit 9095 Box 4799;+1-511-932-6727x7000
Emma;Peterson;09120 Brandon Cliffs;8194069266
Victoria;Gray;84128 Kidd Heights;+1-538-946-7967
Joshua;Young;3009 Gonzalez Union Apt. 339;306-536-1402
Samantha;Cole;283 Flynn Village Suite 748;(417)856-9614x6325
Paula;Robinson;402 George Squares Suite 107;001-706-843-0395
Nicole;Wright;15575 Daniel Forges Apt. 136;(488)891-6923x679
Roger;Mason;37727 Nicole Prairie;228-657-3681x2213
Nicholas;Smith;77009 Reynolds Ports;154-432-2447
Lisa;Bell;8588 Steven Garden Suite 410;(473)571-9845
Javier;Brady;USNS Smith;+1-675-670-8994
Pamela;Molina;49134 Lisa Mission;3723227200
Andrea;Miller;4901 Allison Estates;001-146-046-1773x7833
Monica;Hernandez;4790 Lee River Suite 307;620-863-8229
Michelle;Holland;51739 Joseph Fields Apt. 887;001-224-791-4130x70935
Lisa;Young;002 Victoria Lane Suite 294;001-057-001-2047x837
Mary;Sanders;09035 Graham Inlet;(169)627-4368
David;Huffman;3982 Anthony Canyon Suite 357;195.973.4888
Tammy;Watson;84194 Peterson Walks Suite 447;(564)066-6539x25705
Katie;Schroeder;54232 Paula Villages Suite 357;879-917-2777
Robert;Prince;403 Kimberly Park Suite 335;001-924-398-6066
Daniel;Landry;675 Diana Meadow;802.225.1871
Angela;Rivera;05676 Beth Lock;(068)907-1748x588
Glenn;Miller;366 Brett Keys Apt. 901;484.949.9602x9253
Alexis;Garcia;93128 Courtney Unions;+1-269-841-3100x3881
Victoria;Rojas;052 Kevin Manors;001-576-741-2148x37220
John;King;6095 Kathy Shores;662.262.2088
Roger;Cole;65480 Carr Drives Suite 978;496.387.5523x01685
Robert;Lucero;02072 Mitchell Union Apt. 780;(883)097-5832x50284
Danny;Hamilton;6513 Holmes Orchard Apt. 001;(324)757-7924x44865
Ronnie;Thomas;55059 Williams Inlet Suite 014;309-099-6252
Stephanie;Whitaker;463 Jeremy Mountain;001-505-401-8035
Donna;Downs;8314 Taylor Oval;001-376-448-6694x76785
Christie;Allen;233 Katherine Cliffs;001-005-275-1459x77405
Kristina;Baker;5920 Michael Forks Suite 579;960.788.5107x572
Taylor;Chung;1925 Hernandez Springs Apt. 047;5502032337
Bryan;Smith;7148 Kurt River;227-886-6440
Kenneth;Zavala;Unit 9391 Box 6997;753-979-4475
Cory;Rosales;Unit 2975 Box 4272;689-364-7054x220
Gregory;Nichols;Unit 5997 Box 3055;001-430-913-9849
Jeremy;Espinoza;8576 James Pines;788.346.1387
Alexis;Bryant;9254 Roberts Overpass;7003755831
Anne;Santos;734 Fletcher Extensions Suite 663;001-730-174-2240x48732
Cassie;Hudson;PSC 7892, Box 7519;624-206-3973x924
Donna;Jacobson;48099 Anthony Radial;810.743.2110x338
Miranda;Moon;7896 Rita Viaduct Apt. 353;(705)838-3986x704
Stephanie;Velazquez;2363 Melissa Island;271.657.7019x4665
Walter;Beck;304 Moore Well Suite 048;269-331-2729
James;Sherman;7865 Alice Underpass;923-819-3340
Thomas;Lewis;425 Rivas Isle Apt. 204;211.534.6387x60505
James;Palmer;048 Steven Unions Suite 826;924-706-2043
Mark;Baker;09808 Stacie Lock Suite 686;400-556-2406
Michele;Wilson;04301 Rodriguez Isle;(351)035-2256
Keith;Reilly;06420 Reynolds Walks;+1-020-376-1473x01107
Latoya;Wheeler;08565 Samantha Mountains;(854)115-0602
Stephanie;Williams;0246 Anderson Squares Apt. 104;(840)197-5570x0663
Angela;Wilkins;6533 Coleman Forge;(277)301-3078
William;Melton;0997 Coffey Green Suite 426;001-078-277-8078
Leah;Davila;99637 Weber Harbor Apt. 472;462.805.8790
Kathryn;Jones;256 Frank Streets Apt. 743;+1-369-797-1645
Debra;Ramsey;237 Lopez Island;1513343610
Joseph;Frost;134 Anthony Estate Suite 377;+1-956-997-5490x49569
Laurie;Conrad;61422 Garrett Inlet;896.203.1707x30007
Jennifer;Kelly;208 Kaylee Street Suite 732;9899567834
Janet;Lopez;4904 Fowler Crossing Suite 715;001-991-861-8500x8113
Alyssa;Collins;305 Brooks Bypass;751-879-1059x8038
John;Payne;86347 Fox Rue Suite 502;(981)673-4683x329
Felicia;Gonzales;USCGC Reese;(627)007-0844
Anne;Owens;645 Brown Unions;320.362.8382x2840
Gary;Wilson;03333 Melton Parks Suite 368;(678)377-2790x352
April;Oneill;59196 Perry View Apt. 886;(650)632-2410
William;Townsend;90706 Vanessa Flat;908-738-1649
Jennifer;Conner;80600 Jasmine Heights;(040)402-4221x7951
Jennifer;Willis;7763 Christopher Plaza;+1-129-685-4639x859
Thomas;Floyd;1907 David Forge Suite 247;(852)913-5426x040
Stephanie;Vega;5545 Reed Prairie;6515207854
Martin;Stephenson;2943 James Club Apt. 643;081.143.3491x5805
David;Ho;802 Scott Springs Apt. 541;(937)720-0812
Michelle;Mccullough;71493 John Ports;+1-528-322-2459x24007
Jessica;Riley;PSC 6670, Box 1774;025-804-0335x4677
Yolanda;Riley;Unit 7387 Box 5472;699.080.3664x1160
Lucas;Wilcox;USNV Long;001-362-895-3120x2277
Susan;Dorsey;554 Laura Mountains;739.247.5300x13075
Lauren;Johnson;870 Ewing Village;(355)424-9251x101
Sharon;Marshall;94028 Martin Route;721-906-8404x2018
Molly;Decker;80459 Owens Inlet;+1-636-635-4039x4372
Aaron;Rodgers;5922 Huber Skyway Suite 673;317.662.8997x3536
John;Davis;833 Montoya Brooks Suite 077;465-170-4375x11678
Wendy;Mcbride;32278 Parks Gateway Suite 276;+1-762-009-5038x6483
Michelle;Hodge;63198 Sanchez Estate;079-592-0688
Tim;Foster;6590 Erik Inlet;378-509-0995x2722
Anna;Johnson;49529 Acevedo Course Suite 283;(345)939-4295x162
Anthony;Crawford;90102 Phillips Valleys Apt. 226;861-039-2470x19303
Brian;Estrada;USNS Hicks;759-664-3255x074
Tony;Mcdaniel;46369 Shaun Points Apt. 050;008-761-2541x338
Anthony;Conley;92033 Tina Fort Suite 029;903-281-3126x8392
Cheyenne;Decker;169 Rogers Mews;745-980-4437
Teresa;Dominguez;986 Amy Junctions;902-251-5949
Bryan;Huffman;8877 Cox Brook Apt. 207;001-256-193-7365
Lori;Sanchez;8488 Nicole Estate Suite 773;001-203-527-4346x097
Yolanda;Rollins;1591 George Road;(918)895-5868
Brian;Villarreal;062 Townsend Land;001-505-472-7725x920
Steven;Yates;200 Christina Pines;228-333-6256x6538
Bruce;Gregory;459 Joseph Cove;001-343-751-1995x32130
Keith;Lucas;881 Fox Fall Suite 182;001-977-327-0462x21023
Daniel;Burnett;839 King Estates;001-258-496-1677x3340
Mary;Rangel;47025 Miller Lane;170-976-4596x821
Richard;Massey;26524 Adams Expressway;740-101-4659x217
Sarah;Reed;1996 Johnson Stravenue Suite 378;8860202482
Timothy;Little;690 Kristina Locks;+1-008-713-3342x3339
Benjamin;Frey;71369 Matthew Motorway;001-958-861-7574x615
Connor;Powell;88285 Browning Manor;4116924192
Morgan;Perry;542 Samantha Valleys;482-391-6181x87122
Troy;Christensen;484 Ramsey Square Suite 714;(118)260-2357x769
Thomas;Gonzalez;0156 Alexandra Centers Suite 928;3454191790
Catherine;Hale;3776 Adams Road Suite 248;033.528.4994x14241
Michael;Wilson;242 Campos Mall Suite 232;047.873.7410x7976
Rachel;Jackson;03750 Stephens Highway;+1-215-364-7392x6513
Lauren;Moore;632 Michael Mews;5380051920
Sherri;Hughes;537 Edward Land;001-007-687-4348x1078
James;Baker;47463 Long Forest;292.605.2345
Jesse;Adams;93141 Taylor Overpass;001-843-934-6692x60918
Vanessa;Edwards;7441 Samuel Brooks;(561)617-8002x7753
Lawrence;Fisher;727 Taylor Glen;(161)312-4541x7555
Michael;Hernandez;Unit 8227 Box 7743;001-475-557-2628x329
Sydney;Holland;7517 Ortega Station Suite 943;091.235.9751
Scott;Harrison;5509 Russell Terrace Apt. 877;+1-288-544-4089x27344
Brett;Nunez;8046 Brian View Apt. 764;+1-851-920-8701x3195
Sandra;Avila;111 Webb Key;(593)365-0635x258
Jacob;Bishop;146 Gonzalez Roads;+1-464-859-6588
Brianna;Jones;304 Smith Stream;001-765-701-7480x612
Christie;Ortiz;2165 Michelle Valleys Apt. 503;745-572-0355x68246
Mathew;Collins;37814 Pamela Hollow;8023928162
Jackie;Rivera;2996 Miller Knoll Apt. 086;578-435-2932x7623
Lauren;Rollins;152 King Ports Apt. 542;1878988976
Mark;Thomas;USNS Foley;740-352-6904x258
Logan;Boyle;095 Reyes Manors Suite 848;952-426-6225
John;Martinez;73941 Murray Roads Suite 502;+1-596-866-7867
Colleen;Giles;17385 Wheeler Mission Apt. 371;937-134-7361x1060
Karen;Chapman;942 Horn Prairie;001-804-765-6076x87407
Steven;Schmitt;44505 Coleman Street;126-848-4824x2733
Caroline;Nixon;87427 Obrien Station;001-924-927-4566x643
Monica;Scott;613 Lisa Station Apt. 989;838-905-5924
Heather;Smith;6035 Chase Mill;160.148.2676x23390
Kathleen;Johns;136 Patricia Circles Apt. 601;230.959.0998x567
Kathryn;Reynolds;834 Sara Center Suite 104;001-393-043-1514x946
Karen;Wilcox;2575 Robertson Junction Suite 279;855.894.7031x130
Michael;Ferguson;711 Collins Park;(975)286-5351x2210
Crystal;Smith;3125 Angel Key Apt. 810;+1-928-924-7244x182
Tracy;Hahn;3231 David Passage Suite 782;001-490-843-7624x98343
Benjamin;Jackson;688 Gaines Cove;552.964.0958
Gregory;Green;12369 Jennifer Roads;021.522.8661
David;Benton;897 Diana Landing;179.928.5782
Chase;Holloway;41488 Simmons Shoal Apt. 344;116.156.4606x17855
Debbie;Martinez;454 Andrea Meadows Suite 716;(238)419-4903x26128
Mark;Brown;34429 Curtis Ramp Apt. 017;(211)396-0423x92603
Patricia;Edwards;373 Kimberly Walks;+1-229-942-5442x320
Kari;Olson;74083 Loretta Tunnel;(153)985-3066x6376
Cindy;Sullivan;896 Brown Inlet;213.878.6437x19402
Isaac;Curtis;391 John Cliff;620-504-7850
Joshua;Allen;221 Matthew Mountains;971-379-5358
Pamela;Cross;020 Moore Rapids;+1-235-524-8983x27999
Kirk;Turner;8345 White Cliffs Suite 259;+1-646-065-5078x529
George;Carter;04433 Wiley Forge;+1-432-651-7248
Chelsea;Lopez;1149 Sweeney Landing;+1-429-610-0760
Alexander;Parks;PSC 2234, Box 1337;+1-597-666-6298x70545
Andrew;Flowers;09859 Christopher Crescent;001-315-959-2195x4879
Jose;Jones;PSC 5518, Box 1530;9177203595
Krystal;Larsen;0636 Sean Islands;5065866070
Vanessa;Ellis;251 Sellers Harbor;001-312-491-3824x80405
Megan;Jenkins;0126 Mendez Run;001-078-990-2997x131
Michelle;Johnson;45529 Stephanie Gardens Apt. 309;6209957897
Steven;Miller;718 Sara Plains Suite 966;001-094-260-2148
Michael;Paul;05344 Carter Hill;955.546.6843x258
Shannon;Duarte;7442 Alan Roads;409-208-3659x5489
Victoria;Hall;8473 Melinda Circle Suite 788;450.295.2702
Melissa;Manning;844 Kyle Forks Apt. 538;728.004.0008x268
Crystal;Gamble;656 Jacob Plains;937.112.7005x8510
Cindy;Morales;02290 Janet Dam;012.585.8700x228
Stephanie;Ryan;25644 Jason Rapid;632.256.6523x83475
Adam;Raymond;46802 Savannah Point;1799653673
Melissa;Romero;6041 Stefanie Bypass Apt. 560;226-301-3967
Michael;Smith;014 Christina Road Apt. 053;(988)962-4066x47352
Courtney;Robinson;854 Kevin Trafficway;892.945.8221
Debbie;Medina;6984 Vance Road Suite 105;001-818-975-4225x256
Alice;Parrish;PSC 7701, Box 8217;001-371-496-2264x353
David;Vance;46272 John Orchard Suite 694;133-343-1376x67566
Russell;Ross;038 Stone Landing Apt. 782;(436)748-8141x6798
Carrie;Porter;029 Mitchell Fork Suite 342;001-556-300-3595x0126
Matthew;Huber;USCGC Vargas;+1-115-297-3763
Danny;Davis;31574 Amanda Extensions Suite 408;+1-688-528-2199x1972
Jerome;Collins;16308 Amy Flats;332-262-4696
Deborah;Pittman;6948 Davis Courts Apt. 826;512.515.6095
Christopher;Jackson;905 Michael Skyway;974.796.2639x0471
Courtney;Stanley;381 Tiffany Green;2449636459
Jonathan;Mcguire;48139 Powell Meadows Apt. 884;770-348-7764x184
Robert;Leon;24011 Smith Lane Suite 378;001-782-778-9111x53795
Michael;Nguyen;34681 Tate Cape;463-822-8632
Erica;Collins;9889 Owens Ferry;001-139-302-7348x05355
David;Hill;711 David Well;578.346.6226x52740
John;Stafford;PSC 9635, Box 9167;908-242-8052x937
Jonathan;Castro;070 Delgado Falls Suite 495;+1-841-791-8304
Bryan;Cooper;9722 Lin Cape;+1-368-740-1214
Michael;Jordan;9753 Dawson Throughway Apt. 524;439-337-4522x627
Christopher;Miller;80034 Sarah Mills;466-892-3502
Emily;Cooper;81510 Brandon Creek Apt. 221;289.776.6293x5015
Martha;Harmon;4227 Andrew Underpass Apt. 074;9016536778
Ethan;Benjamin;3505 Floyd Squares;666-053-4440x687
Debra;Bowman;40188 Robertson Meadows;491-873-9906
Ashley;Austin;PSC 6319, Box 8909;001-728-589-0461x8311
Martin;Welch;63870 Heather Turnpike Apt. 812;355.373.3747x1386
Tracy;Burns;PSC 8876, Box 9614;+1-044-523-3157x316
Molly;Cohen;8607 Kyle Loop Suite 817;+1-674-494-3710
James;Williams;03152 Ronald Rapids;001-262-370-7444x10884
Shawn;Welch;7663 Tim Vista;182-625-5011x6782
David;Patton;40947 Smith Mews;308.883.3967x3948
Laura;Page;166 Webster Springs;894-349-4828x90784
Michael;Williams;2288 Leach Spring;283.704.0707x753
Lauren;Mendoza;767 Clark Center;(532)005-0748x682
Louis;Lewis;57947 Avery Extension;001-987-091-1031x0437
Corey;Johnson;8143 Obrien Plains;886-362-5949x3707
James;Little;92301 Williams Drives Suite 535;001-449-844-2578x30695
Thomas;Richardson;USNS Johnson;(354)371-5025x4894
Antonio;Turner;2828 James Shore;+1-901-555-2244x07067
Hannah;Miller;271 Jones Corner;001-312-211-2851x61619
Morgan;Willis;419 Edwards Village Apt. 635;(302)139-1547x306
Natasha;Mejia;525 Sarah Landing Suite 724;+1-593-288-7089x06918
Ryan;Harris;282 Cooper Mission Suite 036;0160797799
Richard;Becker;09602 Dixon Port Apt. 823;+1-101-551-6084x46630
Sarah;Moss;95027 Jeremy Wells Apt. 121;262-810-9492x42602
Donna;Carpenter;231 Michelle Ramp Suite 326;193.707.2980x984
Willie;Hughes;87851 Amy Club;+1-688-338-0552x455
Brittney;Taylor;86917 Stacy Parkway;001-025-288-9617x1239
Nicole;Erickson;44778 Carr Via Suite 332;192.008.6689x167
Vernon;Dixon;6262 Gross Villages;930.510.0996x08521
Kimberly;Miller;99503 John Hill;001-648-995-5088
Sarah;Cruz;15363 Cervantes Circles Apt. 869;001-852-635-0546x95315
Nicole;Stewart;51461 Carpenter Road Apt. 479;(359)734-1414x52511
Colleen;Mahoney;77884 Daniel Rest;649.022.5085x9312
Daniel;Pena;31560 Nancy Field;(850)880-8441x404
Judy;Cox;786 Jones Villages Suite 096;+1-257-281-8984x9536
Wesley;Berger;2742 Salas Club Suite 778;(454)303-9636
Christian;Edwards;819 Thomas Drive;001-007-772-5976x46555
Gary;Gould;1954 Julia Camp;803-159-9645
Michelle;Cameron;23830 Santiago Pine;937-942-2179
Ellen;Leon;6049 Todd Creek;(268)309-3863
Douglas;White;782 Williams Spur;(224)791-8368
Patrick;Turner;39771 Sara Spring Suite 098;001-455-964-5320x979
Jackson;Myers;2951 Travis View;+1-237-847-3511
Jennifer;Hebert;0036 Knight Trail Apt. 486;(550)010-9050
Ian;Ross;914 Watkins Lock Apt. 113;001-906-426-2232x78285
Sarah;Brown;0048 Reed Valleys Suite 553;739.394.4333x174
Joseph;Gonzalez;5395 Jessica Creek;166-146-1709
Vanessa;Jackson;8761 Harris Wall;637.773.2449x5915
Morgan;Dominguez;081 Campbell Groves Apt. 575;720.508.2637x31238
Kenneth;Nichols;8436 Edwards Parkways;+1-945-922-6216x966
Philip;Sims;91564 Rodriguez Hollow Suite 713;904.646.6557x706
Erica;Arnold;12108 Hill Turnpike Suite 903;001-136-210-3531x74861
John;Perez;199 Lozano Light Suite 767;076-227-5513
Tyler;Matthews;67167 Woods Valleys Apt. 600;880.857.7610x9357
Jackson;Sanchez;100 Wright Manors;001-764-610-9824x3700
Mason;Huff;6573 Bennett Ville Suite 368;626.073.3723x326
Crystal;Watson;49384 Duncan Estate Apt. 174;(710)426-0948x369
Keith;Carson;501 Steven Points;+1-913-417-9604x930
Linda;Kelly;23100 Reilly Fort Apt. 175;(865)029-0563x4648
Denise;Lopez;260 Cook Walk Apt. 838;214-662-9887
Jeffery;Drake;3832 Riley Corners Suite 303;(572)944-0941x624
Brittany;Brown;USNS Yoder;025-996-1992
Stephanie;Dennis;0665 Jeffrey Prairie Apt. 603;(897)325-0232
Kristi;Osborne;53601 Desiree Squares;457.298.9626x184
Ann;Eaton;92234 Julia Track Suite 262;(153)822-0365
Andrea;Levy;58286 Bonnie Causeway Apt. 557;510.142.2105x593
Sean;Leon;9177 Anne Forks;(530)315-7825
Patrick;Cole;188 Sanchez Way Suite 877;(713)306-8882x99066
Christopher;Singh;2535 George Springs;001-004-302-5256x11658
Christina;Davis;950 Carolyn Fall Apt. 681;328.459.8060
John;Smith;5698 Laura Ferry;(128)331-3070x012
Russell;Hughes;4344 Williams Grove;347-476-0231
Michael;Mitchell;0008 Robert Courts Suite 894;340.662.3058x7626
April;Wood;PSC 5876, Box 8798;001-755-638-4392x2347
Tyler;Walker;118 King Run Suite 390;001-654-038-2947x3506
Kristin;Weber;64038 Frazier Turnpike;256-189-7850x996
Benjamin;Murray;7133 Jonathan Turnpike;+1-057-799-6913x78197
Jennifer;Rhodes;86594 Evelyn Trail;(206)687-8280
Jason;Trujillo;044 Villegas Lock Suite 649;5954083238
Alexander;Johnson;971 Colton Locks Suite 935;798.794.7227
Robert;Russell;02751 Green Course Suite 678;+1-363-850-2856x5560
Susan;Rodriguez;9961 Walter Cliff Suite 187;(569)830-4312x2508
Manuel;Bailey;132 Johnson Road Apt. 577;(744)208-7636x325
Lawrence;Clay;055 Mathew Fall;+1-549-588-8028x7084
Sheri;Robinson;0075 Copeland Ridges Suite 449;633-672-5777
Matthew;Sanders;214 Phillips Keys;001-375-764-4727x0810
Michael;Hernandez;5854 Steven Drive;001-054-338-4086x4085
Tyler;Barker;91898 Guzman Land;(494)120-1219
Michael;Henderson;58275 Emma Circles;626-422-7170x48818
Katelyn;Barnett;30409 Ball Bypass;8519827356
Ryan;Sanchez;5366 Michael Mews Apt. 027;(834)300-8580
William;Butler;1983 Mcfarland View Suite 212;(373)559-4581
Jacqueline;Knight;274 Jones Gateway;001-651-048-3448x20430
Christina;Gomez;9278 Foster Turnpike;+1-138-775-3268
Amanda;Pitts;2407 Desiree Stravenue;248-752-4546x171
Nancy;Foster;68999 Henson Course;(647)303-1082x70981
Tammy;Benjamin;029 Lopez Mountain;(702)516-7439x39753
Blake;White;059 Hart Oval Apt. 665;593-025-9790x569
Nicholas;Graham;USS Moreno;(900)351-7474x09766
Patricia;Jones;1734 Linda Flats Suite 235;276.440.1347x5522
Bryan;Ramos;17297 Christopher Mill;+1-188-609-3774
Robert;Jennings;0542 Kayla Dam Suite 125;715-526-7782
Joe;James;472 Kayla Crossroad;(456)889-1613
Brenda;Davis;1949 Jonathan Mountain Suite 759;840-916-8003x82538
Tonya;Klein;8724 Madden Forges;001-472-146-2704
Brian;Henry;Unit 2748 Box 9531;(398)675-2348x441
Tracy;Rojas;7340 Henry Mill Apt. 535;(673)219-6763
Jose;Hernandez;042 Hebert River;6094552082
Sara;Reyes;988 Ashley Orchard;094.626.4478x5916
Edward;Carroll;4837 Allison Summit;777.057.6918x8959
Christine;Morris;0670 Stephen Court Suite 897;404.006.4140x52786
Brenda;Dean;707 Smith Fields Apt. 913;(951)031-3694x9340
Anita;Hill;4321 Johnson Roads Apt. 369;+1-457-313-6443
Karen;Gonzales;373 Robertson Light Suite 243;599.461.5761x0813
Jennifer;Hudson;USS Henry;(869)997-9166x4620
Brenda;Huber;508 Adams Villages;310-902-4367
Stacy;Ballard;0209 Sherry Plains;(602)063-2530x44393
Anne;Fisher;63427 Stephanie Street Apt. 805;672.495.0466
Michael;Johnson;PSC 3042, Box 0136;821.017.3945x9175
Juan;Simpson;7634 Williams Cliffs;891.691.1852x48540
Amber;Welch;820 Brent Fords Suite 777;159-933-4569x811
William;Martinez;28444 Timothy Valley;+1-921-475-5999
David;Owens;87930 Mcdonald Vista;402-424-8606
Allison;Gibson;5280 Berger Creek Suite 606;648-747-1360
Gregory;Khan;481 Christopher Road;344-930-6419
Dennis;Garcia;3572 Morgan Fields Apt. 910;001-935-751-4284x5759
Nathan;Campbell;854 Roy Brook Apt. 691;+1-351-010-7517x388
Jessica;Brooks;75265 Davis Station;540.894.9996x0881
Melissa;Edwards;1815 Michael Lights;+1-783-268-7033x72170
Ian;Rodriguez;49110 Bush Well Apt. 209;102.639.2990x828
Christine;Clark;1419 Ellis Ways Suite 958;633.853.9408
Paula;Harmon;005 Shah Passage;001-791-035-1687x90125
Keith;Duncan;828 Lozano Mills Suite 401;+1-175-400-5103x183
Robert;Mccullough;62335 Cooper Groves Apt. 245;+1-887-025-4894x099
Victoria;George;2734 Mallory Point Apt. 444;(755)836-2502x02496
Daniel;Campbell;Unit 5066 Box 6886;(209)675-9425x39096
Thomas;Martinez;0280 James Views Suite 980;(918)261-9858
Jason;Flores;95681 Moses Light;001-287-448-5909x828
Tara;Nash;2552 Pollard Neck Suite 915;001-172-848-3629x683
Regina;Sanders;7103 Debbie Crest;384-795-4444x0677
Sheri;Swanson;76418 Ross Loaf;+1-845-104-8194x7799
Amanda;Kelley;Unit 9308 Box 5551;+1-095-250-0842
William;Jackson;085 Atkins Lodge;926-684-0512x31655
Brianna;Stephens;317 Patrick Isle Apt. 356;289-814-9595
Elizabeth;Henderson;42410 Atkins Gardens;033.458.2806
David;Phillips;182 John Locks Apt. 465;+1-579-498-2239x08642
Cory;Garza;91974 Davila Orchard;230.656.3977x89338
Linda;Mitchell;824 Philip Trail;898-402-3832
Amanda;King;462 Evelyn Locks;001-154-722-5779x58155
Paul;Jimenez;092 Hernandez Brooks Apt. 773;(747)153-3709x718
Michelle;Leonard;Unit 3493 Box 6161;012-174-8981
Rebecca;Johnson;55369 Gardner Corner;140.421.4347x6027
Michael;Martin;59084 Hannah Fords Suite 807;(629)916-6142x1201
Claudia;Matthews;69479 Allison Point Suite 083;+1-128-662-5279x734
Christopher;Collins;491 Sharp Squares Suite 066;(777)175-3720
Samantha;Hill;5873 Adrian Forest Suite 367;185-226-2152x8037
Luis;Jackson;92893 Lisa Trail;1065184663
Wesley;Wilson;61859 Danielle Plains;331.433.1115x87440
Sandra;Small;9746 Maldonado Green;001-511-226-1605
Yolanda;Bean;218 Emma Grove;968-315-6132
Kevin;Black;2268 Craig Crescent Suite 500;001-920-876-2293x731
Regina;Chapman;30732 Romero Wells;+1-072-487-3728x01323
David;Trujillo;2406 Robert Ports;(076)152-2026x8804
Brian;Blanchard;7837 Albert Grove Apt. 290;854-752-9034
Kimberly;Floyd;4778 Erica Motorway;898.433.1031x88292
Jenny;Rangel;83463 Nichole Roads;329-177-3872x03634
Keith;Bowman;USCGC Sanders;3372761611
Michael;Patel;1846 Bruce Lakes;001-447-928-0366x497
Shannon;Martin;197 Catherine Brook Suite 181;001-802-180-4851x89471
Timothy;Wright;03899 Courtney Alley Apt. 013;+1-480-887-0823x896
Eric;Chang;4191 Jacob Landing Suite 185;001-018-118-4903x67703
Elizabeth;Campbell;85926 Allison Hills Suite 244;(349)168-5397
Carl;Hicks;33455 Katherine Park;+1-697-942-7740x3174
Kelly;Abbott;08643 Tyrone Flat Suite 856;(986)819-3600x59755
Christine;Schneider;6000 Cheryl Isle Apt. 235;0869201530
Kristina;Wood;60508 Miller Mountains;+1-007-986-9854x56263
David;Parks;2227 Smith Port Apt. 199;001-118-755-5467
Catherine;Harrison;247 Meyer Shore;(923)244-5798
Rachel;Ellis;31830 Joann Path Suite 597;142.858.9685x61760
Gene;Thomas;914 Nicole Courts;+1-972-177-4971
Lindsay;Hays;0066 Danielle Junction;(717)408-8846
Daniel;Lara;613 Butler Plaza;893-591-8900x993
Heather;Crawford;5313 Lauren Well Apt. 420;(331)874-5561
Chelsea;Cooper;78895 Thompson Cape Apt. 254;001-964-895-6875x26920
Steven;Martin;812 Eric Parkway Apt. 352;001-876-9743x702
Erica;Keller;PSC 7394, Box 8690;157.077.4266
Marilyn;Schmidt;15528 Mario Square Apt. 052;001-799-234-9942x9076
Kenneth;Green;2190 Day Plains Suite 669;(255)923-8904x6765
Elizabeth;Martinez;2376 Justin Loaf;684.408.2474x159
Kellie;Brown;213 Shannon Courts;189.191.0497
Christopher;Garcia;43146 Kerry Parkway Suite 403;+1-807-590-0805x76703
Rebecca;Cole;7007 Gutierrez Expressway Suite 775;686.681.3782x0039
Brandi;Jones;351 Skinner Run;001-516-023-8791x747
Robert;Jackson;27030 Brown Plain;221.758.3558
Wendy;Turner;9536 Richard Ridge;659.117.0605x0144
David;Bailey;519 Taylor Drive Apt. 061;091.782.8549
Jacob;Noble;08474 Smith Stravenue Apt. 797;(829)465-1222
Brittany;Johnson;825 Velez Loop;(938)889-2700x0309
Rachael;Hardy;61223 Michael Roads Apt. 653;262.264.9634
Terry;Berg;4521 Reynolds Center;386-223-3572
Billy;Robinson;40278 Erickson Isle Suite 287;274.751.8167x1715
Craig;Harris;70446 Kyle Expressway Apt. 942;(107)614-3654x803
Melissa;Patton;7499 Steven Centers Suite 282;039-492-8992
Stephen;Jimenez;8756 Hughes Spring Suite 625;1674067254
Crystal;Peterson;6861 Mark Isle;306.446.7224x3465
Nicole;Johnson;272 Jeffery Summit;608.078.3497x67061
Michelle;Reynolds;312 Moran Unions;211-905-4591
Samantha;Watkins;461 Collier Cove Suite 364;463-159-1108
Jodi;Walker;73715 Rangel Club;5570953932
James;Schmidt;124 Stephen Parks Apt. 927;405.606.6633x01739
Melissa;Cunningham;05710 Kathleen Drive;119-133-7949
Nicholas;Walker;15772 Jay Centers Suite 098;764-254-5717
Bryan;Patterson;23391 Christopher Wells Suite 552;0030925359
Jeremy;Barnes;17598 William Circles;500.771.7168
Sarah;Lewis;88546 Jesus Flat;522-610-3483x9277
Robert;Rodriguez;52039 Tiffany Summit Apt. 482;512-048-1867x3720
Robert;Paul;07208 Williams Lane Apt. 303;445-663-5706x453
William;Sanford;4015 Katherine Stream;517-057-1284x4836
Natalie;Villa;79336 Gill Shoals Suite 757;013.149.3992x7496
Sharon;Sweeney;752 Amy Views;+1-105-409-2787x5951
Karen;Bush;694 Jasmine Street Suite 922;001-172-204-2405x898
Todd;Odom;0772 Williams Street;+1-921-431-4515
Kevin;Young;151 Gonzales Mews Suite 818;330-166-4753
Timothy;Greene;43382 Potter Branch;+1-584-437-5090
Shannon;Garrison;1211 Phillips Pass Suite 652;+1-834-159-5246x4467
Lori;Shannon;210 Morris Skyway Apt. 682;606.460.3766x2274
Colton;Medina;8040 Brian Fall Apt. 221;(639)133-2437x1190
Tony;Gordon;77725 Angela Plaza;001-206-097-4430x740
Amber;Barker;67413 Melinda Square Suite 212;573-577-4173x097
Latasha;Payne;6029 Simon Way Apt. 326;+1-323-859-4047
Susan;Miller;31085 Veronica Falls Suite 307;986-035-3113
Douglas;Wheeler;63470 Benjamin Stravenue Apt. 201;+1-247-656-9641
Kayla;Holder;4397 Andrew Freeway Suite 300;917.396.6301
Gregory;Banks;6736 James Village Apt. 454;0284317695
Kelly;Miller;236 Lauren Road;4633326265
Wayne;Allen;Unit 8926 Box 7544;159.364.5331
Anne;Howell;17915 Cooper Ridge Apt. 201;100-528-8582x5693
Christopher;Obrien;40305 Villarreal Ranch;001-730-977-9483x26935
Sara;Morales;3596 Ruiz Loaf;432-283-7844x773
Sean;Bowers;14266 Pamela Point Apt. 155;918-497-4679x37007
Sean;Wang;755 Byrd Manor Suite 163;610.723.5775
Christopher;Phillips;442 Brock Garden;570-701-1851
Jasmine;Jones;136 Brian Junctions Apt. 826;(416)061-8275
Veronica;Johnson;7727 Michael Locks Apt. 604;410-878-0128
Gabriel;Thompson;710 Hunt Lights Apt. 115;980.570.8071x141
Randy;Cohen;00850 Gonzalez Parkway;1714016793
Michael;Davis;46129 Bell Union Suite 408;001-576-764-9319
Mary;Campbell;607 Eric Centers Apt. 563;(289)966-2189
William;Dickson;3735 Carson Centers;+1-292-959-7625x31240
Amy;Foley;169 Young Hills Suite 369;(848)293-6236x701
Alicia;Thomas;52454 Travis Haven;(446)095-7836
Angela;Williams;31095 Gutierrez Square Suite 310;(047)897-5098
Anne;Lewis;595 Susan Hills Suite 892;001-057-947-9378x071
Erik;Mcdaniel;0944 Nathan Light;+1-065-697-2074
Elijah;Andrade;3804 Bradley Cliff;685.122.5005x5954
Linda;James;0353 Vargas Crest Apt. 648;973.611.7924x7742
Jennifer;Norman;556 Melissa Rest;(678)701-8395
Mark;Bennett;828 Cooper Corners Suite 119;674.634.4115
Joe;Murray;577 Clark Spurs Suite 061;001-133-692-5776x0402
Gary;Swanson;93409 Miller Causeway Apt. 861;001-971-597-3162x160
Alex;Schwartz;8169 Ferguson Valleys;001-564-082-7099x193
Jennifer;Wolfe;50379 Hunter Centers;(576)847-2471x0563
Mark;Bush;541 Jessica Mount;(480)854-6490x3090
Michael;Thompson;00474 Price Mills Suite 312;001-943-610-5413x57918
Rita;Ray;458 John Trafficway Suite 048;402-622-4254x103
Russell;Jones;5501 Jerry Ferry Apt. 186;+1-453-826-7746x1503
Linda;Washington;68058 Gibson Isle;600-302-0309
Madeline;Carlson;6461 Rebekah Lane Suite 662;280-603-5039
Gary;Pennington;3508 Shaw Forges Apt. 748;339.328.1802x943
Carlos;Kirby;4320 Flores Hill;881.448.2228
Sara;Burke;90974 Montgomery Meadows Apt. 909;001-775-965-2026x8343
Wesley;Rios;243 Christopher Cape;(784)012-0147x995
Deborah;Miller;8125 Katrina Mountains Apt. 740;804-428-5754x717
Amber;Osborne;722 Lewis Bypass;855-143-7517x55457
Stephen;Mercado;8053 Rodney Bypass;+1-565-209-8054
Carrie;Valentine;USNV Olson;001-620-446-1040x1672
Mary;Alexander;84252 Robin Wall;5445261662
William;Richard;9334 Monique Spur;(610)415-0563
Anthony;Villa;9843 Steven Branch Suite 617;(750)963-1741x844
Stephanie;Perry;Unit 3988 Box 4425;+1-581-731-7259x579
Kathryn;Riddle;4970 Bass Summit;9414005699
Derrick;Vasquez;4610 Vaughn Pines Apt. 142;001-263-803-8299
Ashley;Moore;12754 Pham Extensions;965.410.6645x07522
Jennifer;Vaughn;8672 Mitchell Lodge;+1-723-629-0867
Alex;Abbott;74343 Preston Parkway;6512933568
Bradley;Turner;835 Sullivan Courts;(168)416-8055x0438
Heather;Webb;89016 Davis Creek;(101)380-8891
Jonathan;Carter;68865 Joshua Tunnel Suite 402;001-492-959-1459x982
Carol;Braun;702 Davis Divide Suite 564;2001405939
Amanda;Martinez;968 Marie Turnpike;(345)123-9916
Amber;Whitaker;69547 Thomas Plains Suite 963;687.763.3838
Tony;Mack;591 Stevens Spurs Suite 532;+1-778-839-9268
Adam;Alexander;29238 Mcclure Crossing;561.275.3676
Brad;Odonnell;Unit 7914 Box 4111;4213338865
Danielle;Stein;PSC 9689, Box 3867;001-210-199-9620
Natalie;Rose;9665 Davis Cape;(449)371-7272
Lisa;Wood;2084 Wilson Creek Apt. 515;(606)419-9004
Diane;Woodward;726 Kevin Mill Apt. 321;147.363.2557
Mark;Mcintyre;94874 Cooley Isle;(286)209-1237x54233
Joshua;Smith;51961 Pena Forge;001-727-013-3656x96681
David;Martinez;72627 Sabrina Wells;239.001.3413x333
Sonya;Dunn;833 David Squares;337-382-5692
Adrian;Garcia;9381 Pope Manors;672.796.1875x1227
Joshua;Garcia;14345 Jeffrey Falls;+1-464-599-2641x94879
Alicia;Odonnell;8019 Bradley Union;550-144-6106
Bailey;Ryan;49026 Wanda Lane;343-596-7135x464
Nicholas;Campbell;2646 Logan Burg;859.758.0886
Michael;Nguyen;2054 Ellison Coves Apt. 295;843.779.5746x6458
David;Brock;PSC 6534, Box 7544;001-994-632-6902
Joseph;Baker;5790 Harding Plains Suite 170;+1-198-015-3629x62247
Kimberly;Beasley;279 Heather Mountain;633-775-0235x16161
Paula;Rice;01204 Natasha Center Suite 116;001-151-714-8019
Mary;Griffith;518 Tina Pines;(651)217-5801
Lisa;Patton;865 Alisha Cliffs;815.704.9571
Patricia;Stevens;433 Wade Corner;+1-091-005-9499
Aaron;Roberts;33496 Michael Orchard;260.425.9569
Jeffrey;Barber;10963 Alicia Stravenue Suite 230;(513)022-7534x62838
John;Roman;603 Gary Path Apt. 886;001-297-090-0047x120
Marcus;Murphy;999 Roberta Underpass Apt. 228;292.840.0103
Mark;Rodriguez;678 Cruz Bridge Apt. 115;001-979-826-0119x980
Craig;Garcia;18410 John Square;991-227-1730x642
Aaron;Stevens;860 Daniels Trace;952.773.0711
Debra;Sullivan;047 Madison Villages Suite 097;(681)933-7686x14124
Kelly;Dean;856 Anthony Grove Suite 061;400.512.7809
Amber;Day;Unit 6393 Box 6494;(399)065-4689x78954
Emma;Martinez;76252 Cole Loaf;(101)973-9917x221
Sylvia;Johnson;38347 Hayden Hollow Apt. 066;695.632.4954x2475
Holly;Wright;PSC 8543, Box 2852;(390)359-0042x5593
Shelley;Fox;841 Taylor Camp;072.656.0281x3303
Ronnie;Watts;469 Lloyd Plaza;(947)738-2322x14091
Audrey;Hill;PSC 9302, Box 2735;+1-076-616-1889x326
Theresa;James;1523 Nunez Forks;0869031001
Linda;Hill;22525 Johnson Plaza;926.173.3310x6561
April;Johnson;1898 Beth Terrace;001-136-406-8767
Sheila;Wright;9696 Colleen Ridge;(781)647-6243x6718
Nicole;Downs;9881 Howell Union Suite 562;+1-175-866-3232
Christina;Manning;29980 Jared Lodge;001-286-408-7356x77213
Jill;Crawford;63154 Green Mountain Apt. 792;500-425-7288x24079
Matthew;Mitchell;88999 Kelly Mall;001-658-741-0083x2899
Crystal;Hall;83366 Parker Mountains;203.721.0317
Anita;Jones;52681 Carrie Harbor Suite 740;740-304-3439
Charles;Howell;4169 Martin Stream;(566)414-9278
David;Yang;5524 Barbara Crescent Apt. 156;+1-827-999-6544x64783
Mark;Lee;4057 Samantha Lane;1143530032
Rachel;Lee;372 Haas Squares Suite 814;(446)802-6852x3843
Dawn;Burns;USCGC Holt;225.714.0062x007
Ashley;Leonard;45532 Nelson Place;(604)106-8009x39169
Michael;Rodriguez;22503 Michelle Flat;148.508.2942x578
Jennifer;Shelton;94180 Robin Plain Suite 675;3159996518
Elizabeth;Carter;485 Nicholas Squares;469-852-0721x267
Kevin;Martin;40097 Summers Locks Suite 769;287-919-5603
Alyssa;Buchanan;9090 Townsend Stravenue;888-390-5777x56972
Destiny;Burch;229 Monica Crest;803-730-6367x016
Harold;Ferguson;912 Nathan Hollow Apt. 103;060.311.1341x7957
Diana;Davis;15927 Michael Drive;001-110-836-8640x8371
Sandra;Davis;95571 Ryan Oval Apt. 397;959-539-6179x610
Matthew;Boyd;155 Angela Fort Apt. 771;8212614903
David;Powell;016 Terrell Village Apt. 565;1804416373
Christopher;Moyer;8978 Lisa Lock Apt. 510;+1-280-549-6101x94802
Larry;Carter;220 Murphy Causeway Apt. 149;(398)772-2263
Brian;Mcclain;19144 Alicia Valley Apt. 135;001-577-903-2029
Christopher;Fisher;4669 Katrina Park Apt. 458;841.025.2663x31347
Leslie;Mack;0375 Angela Islands Suite 010;(169)045-0053
Erin;Ortega;1627 Matthew Underpass;+1-882-299-7113x64499
David;Thomas;4811 Kristin Rest;(499)018-3673x3437
Brad;Baker;976 Gregory Dale;+1-679-786-5912x92058
Hayley;Rogers;5925 Lewis Trafficway;037.715.5665x9646
Joshua;Kim;PSC 4328, Box 7972;(577)510-0104x702
Lisa;Bowen;8254 Brown Wall;994.985.6158x192
Michaela;Smith;067 Brandi Underpass;(236)703-7815
Joan;Willis;875 Brown Extension;(744)087-2580x411
Shannon;Ware;2399 Roberson Centers Suite 989;6937430209
Natalie;Garcia;183 Beth Valleys;001-158-862-3615x41027
Michael;Holt;5466 Jeffrey Via Suite 313;(749)166-4498
David;Russell;946 Avila Loaf Apt. 099;001-504-250-5931x4612
John;Robertson;USNV Long;(602)026-0589
Joshua;Gonzalez;21188 Erin Wells;392-605-1667x37809
Kayla;Mason;99400 Khan Highway;001-267-823-7736x4869
Michael;Rodgers;101 James Wells Suite 665;380.413.7511x558
James;Holder;Unit 9514 Box 6677;+1-566-292-2768x4276
Michael;Jones;315 Best Points;(461)205-9366
Betty;Wilson;74200 Sullivan Meadows Apt. 784;+1-708-454-5486x3170
Calvin;Dunn;196 Mcknight Expressway;768.593.0777x841
John;Wilson;080 Carlson Brooks;+1-128-127-5234
Jeffrey;Armstrong;76516 Melissa Drives;+1-000-100-9484x009
Tonya;Kennedy;3396 Murphy Station;+1-907-948-9324x822
Bryce;Jones;35028 Blankenship Road;001-513-851-3943x6936
Jose;King;665 Kelly Shoal Suite 077;786-094-2902x909
Peggy;Malone;25006 Bartlett Passage;+1-659-307-9776
Kiara;Arroyo;6611 Nunez Keys;(587)798-8227x078
William;Bennett;1528 Thomas Cliffs;922-867-2732x8083
Patrick;Powell;923 Ryan Plain;5944632149
Ashley;Rodriguez;612 Mcintosh Knolls Apt. 789;001-040-024-8158x5302
Timothy;Shaw;914 Hannah Roads;(690)660-2294x335
Laura;Thompson;99193 Warren Points Suite 937;543-508-0431x64684
Matthew;Holland;40359 Cardenas Loaf Apt. 581;001-210-069-2124x982
Christopher;Mccarty;PSC 5606, Box 5828;373-512-7422x33379
Emily;Brown;889 Timothy Springs Suite 107;001-703-429-3730x9337
Sharon;Tucker;8525 Danielle Mill Suite 596;260-870-5027
Lisa;Koch;144 Theresa Glens Apt. 918;260-658-2142
Angela;Harding;284 Jeffrey Junction Suite 381;726.408.1011x9820
Sarah;Mason;029 Mariah Isle Apt. 439;023-604-8162x5541
Tammy;Gonzalez;545 Sheryl Extension;822.635.0920x78184
Kayla;Patterson;533 Joanna Mall Suite 584;+1-135-425-6231x731
John;Cowan;PSC 1823, Box 7561;001-974-088-2901
Kimberly;Martinez;3115 Michael Courts;(508)289-8703x681
Sherri;Cook;71652 Cervantes Forest;882.312.0241
Dennis;White;2159 Sandra Avenue;001-513-348-3790
Brenda;Ellis;09944 Michelle Haven;362.449.4033x5731
Charles;Delgado;26559 Jennifer Circle Apt. 007;311-315-8621
Robert;Anthony;02171 Hartman Square;(590)306-7821
Connie;Bailey;USNS Saunders;(643)327-2743x41429
Adam;Estes;0785 Wright Shoals;(043)989-1532x365
Adriana;Edwards;Unit 6504 Box 0831;001-883-820-8074
Barbara;Jimenez;700 Miller Key Apt. 428;935-466-4057x30432
Duane;Arnold;77196 Hill Shoal Suite 617;436.753.4726x57263
Ann;Hale;4180 Martinez Vista Apt. 321;(856)583-8081x2744
Dawn;Johnson;3519 Johnson Square;+1-984-695-8717x84469
Randy;Saunders;454 Smith Lodge Apt. 843;001-551-000-3148x041
Alexander;Fields;9364 Salinas Alley Suite 035;2167243388
Ebony;Jensen;49018 Chaney Groves;001-366-682-8053x342
Ronald;Davis;5163 Jones Light;(787)792-5325
Joseph;Perez;90900 Harvey Camp;001-002-365-1826
Rachel;Ortiz;361 Mary Union Suite 509;0951619451
Joann;Byrd;25058 Erica Terrace;2200717021
Sara;Christensen;01467 Caldwell Court Apt. 387;+1-309-791-3976x52135
Victoria;Davis;571 Michelle Throughway;665.463.2397x799
Alisha;Andrews;84622 Anderson Loaf Apt. 679;227.275.9645
Vincent;Sutton;16489 Robert Harbor;001-903-829-2093
Anthony;Norman;116 Marcus Flat Suite 830;681-498-7684x360
Michael;Randolph;80005 Samuel Fords Apt. 591;(585)927-7337x835
Ellen;Duran;25044 Chang Underpass;(024)028-8375x899
Alyssa;Drake;618 Hall Cape;173.492.3812x907
Alexandra;Fischer;13896 Gonzalez Freeway Suite 638;+1-635-942-4070x7138
Nicholas;Campos;917 Hughes Station;(700)981-3543x094
Barbara;Bradford;86836 Darlene Viaduct;702.137.1802x358
Keith;Casey;657 Huang Knoll;001-937-810-2651
Taylor;Sanford;PSC 5665, Box 2223;001-082-943-7489x9049
Mark;Montes;28487 Ortega Wells;957-468-8354x2663
Stephanie;Rice;082 Rachael Glen Suite 106;449-873-9749x4400
Monica;Obrien;PSC 3581, Box 1795;722.899.1943x5004
Margaret;Kramer;50012 Maddox Spurs Apt. 327;249-378-3844x142
Brandon;Smith;217 Bishop Valleys;913.148.5719x24978
Jose;Gonzales;5993 Sanchez Extension Suite 710;(634)241-1551
Elizabeth;Ayers;452 Small Mountain Suite 661;+1-351-898-0910x48899
Stephanie;Cantrell;4959 Dean Burgs Suite 252;001-263-357-7710x297
Ronald;Morrison;62597 Davis Mews;861-852-0097x31099
Rachel;Meadows;926 Payne Crossroad;(699)866-0998x84256
Megan;Cook;3007 Shawn Green;(840)074-9500
James;Foster;54210 Susan Place Suite 674;+1-215-811-5706x1567
Danielle;Fletcher;0429 Mullins Prairie;9601704152
Tonya;Garrett;696 Mitchell Falls Suite 542;401.388.1183x21753
Crystal;White;20632 Jacob Overpass;+1-562-013-7947x04739
Tanya;Camacho;49859 Lopez Isle Apt. 773;001-201-583-4871
Michael;Conner;526 Wood Run;179-517-7439x0965
Vanessa;Adams;2591 Williams Gardens;572-782-1025x91923
Rebecca;Lewis;USCGC Mathews;959.703.6636
Steven;Francis;0526 Rodriguez Station Apt. 125;635-096-9907x9283
John;Salinas;148 Martin Mills;(500)825-7133x8803
Michael;Castro;Unit 2405 Box 0373;001-525-837-0013x52362
Andrew;Davis;29200 Stephanie Square Apt. 333;(650)263-0130
Molly;Decker;3658 Brooks Throughway Apt. 973;5127094121
Katelyn;Howell;2499 Harvey Isle;618.699.3058
Manuel;Oneal;6298 Matthew Plains;(731)691-7054x9214
Jennifer;Perry;USCGC Perez;117.475.9322x9535
Andrea;White;3142 Zamora Green;903.314.4064x14326
Brittany;Ballard;0528 Debbie Valley;+1-999-415-4183x56163
Adam;Mccoy;USS Ellis;590-542-7977
Brett;Carpenter;527 Edwards Tunnel;083.329.7605x8789
Gerald;Guerra;57225 Garcia Village Suite 218;(309)363-2144
Mariah;Rogers;1881 Scott Skyway;001-169-484-0157x2309
Mitchell;Boone;PSC 4733, Box 8172;(350)200-0836x0706
David;Medina;PSC 6668, Box 5892;3859432185
Richard;Knox;135 John Haven;928.739.1581
Lauren;Johnson;1393 Dustin Summit;(458)489-4390x164
Travis;Marks;5563 Anthony Forks Apt. 642;+1-547-894-4532x92605
Ashley;Meyer;1232 Espinoza Estate Suite 219;3060873994
William;Potts;4132 Megan Haven Suite 802;265-090-6053x438
Melissa;Jackson;00405 Kathryn Curve;814.505.5352
Rachel;Diaz;5468 Li Place Suite 785;001-164-789-3307x6583
Amber;Henson;9547 Wayne Points;(954)122-6984x4211
Keith;Stuart;PSC 4284, Box 3057;912-800-7592x17976
Philip;Parker;09303 Scott Via;(168)520-9955
Christina;Coleman;PSC 2444, Box 2583;386.290.1372x14411
David;Smith;375 Gray Mountain;+1-791-017-5093x4921
Travis;Graham;253 Raymond Drives;332.035.0457
Jessica;Stone;66292 Gibbs Rest;+1-380-018-5037
Lori;Williams;6702 Sanchez Fork;9371142308
Nancy;Stanley;Unit 4939 Box 9383;001-894-413-2556x07290
Jennifer;Crawford;Unit 5351 Box 0360;2666806670
Vanessa;Baird;53825 Robinson Tunnel;4150414842
Rodney;Lopez;85765 Rogers Lake;865.301.7504
Nathan;Parrish;6001 Gregory Street Suite 957;6926148402
Megan;Dawson;73567 Brown Drives;219-526-8955x2462
Dennis;Mendez;82201 Thomas Circle;589-633-2981x09049
Jose;Mcmillan;344 Little Knoll Apt. 564;428.778.5547
Kevin;Cortez;947 Daniel Meadow Suite 117;454-807-1763x174
Matthew;Colon;2590 William Row Suite 686;632-785-0917x7648
Jessica;Barnes;953 Peterson Landing;441.811.2191
Eric;Lambert;15715 Krueger Stravenue;631-402-0011
Ashlee;Reed;7705 Braun Plains Suite 076;044-357-1208x10196
Kathryn;Jefferson;3322 Jeffrey Rest;318.009.9785x2743
Taylor;Williams;9393 Wilson Turnpike;+1-326-946-3297x98865
Lisa;Moore;6054 Kiara Views Apt. 086;(175)844-8931x193
Donald;Reed;8838 Kim Divide;053.859.4438
