name;address;phone;value
message;045 Taylor Knoll;819-071-4762x0753;64314
outside;USNS Daniels;+1-935-277-1162x737;86198
amount;820 Greene Ramp Apt. 931;506.842.8293x107;19490
machine;072 Clark Point Suite 865;763.835.4697x959;57089
ten;50785 Nguyen Creek;3348140195;39332
five;304 Johnson Hollow;537.444.3758;47237
loss;921 Martin Unions Apt. 483;0545084964;13380
card;727 Johnson Ports Suite 081;(008)767-0524x0707;27422
unit;333 Brett Mountains Apt. 434;(312)708-6199x324;5452
various;9240 Jonathan Trail;775-537-1889;84164
chair;25681 Julia Flat Apt. 023;+1-516-223-8332x24639;74573
answer;87422 Lisa Fork;(855)384-2402x493;96425
tell;967 Ochoa Springs Apt. 702;882.679.4155x633;6249
boy;740 Jones River;268-193-3861;3628
writer;644 Patrick Drives;409.913.4670x47390;98614
forward;13024 Ward Springs Suite 114;868.550.6102;34792
executive;571 Emily Crest Apt. 581;(999)911-0166x071;68772
sea;58414 Mcgrath Locks Suite 844;+1-135-744-5377;25166
increase;1364 Michael Parkways Suite 336;+1-846-669-6098;44419
start;PSC 2551, Box 0243;161.050.5346;52332
a;847 Samantha Freeway Suite 286;(790)554-7103;7876
really;506 Calvin Ferry Apt. 376;(919)415-3230;15386
strategy;Unit 6610 Box 6303;4101825987;22544
way;346 Sara Pike Suite 866;3610877335;69657
analysis;PSC 5023, Box 9142;(222)211-2685;70564
market;175 Hill Rapid;740.051.0834x9300;78625
statement;477 Matthew Centers Suite 918;(145)642-1658x9448;56913
it;673 Carpenter Skyway;205-754-0434;1384
challenge;305 Douglas Shores;322.120.7855;24531
within;6860 Gonzalez Walk;259-010-9587;31762
many;879 Paul Park;(760)541-6506x4402;87896
husband;517 Brenda Radial Suite 188;381.334.6519x61386;96318
ten;008 Vanessa Hollow Apt. 539;1366642695;70498
moment;72367 Pratt Road Apt. 997;759.747.2127x30252;71860
question;74757 Frank Canyon;266-863-5543x54658;21253
protect;USNS Hall;+1-835-283-6120x02620;67536
account;3978 Aaron Village Apt. 488;001-974-636-1509x121;34215
property;38025 Bruce Freeway Suite 606;(207)733-4307;32460
many;Unit 0742 Box 9149;+1-144-177-0766x3285;22074
traditional;65221 Chad Motorway;(305)284-3721x747;41131
program;573 Andrea Row Suite 984;946.630.8487x566;33676
lead;04084 Villanueva Fords;809-039-6551x553;62181
more;55619 Thompson Spring;8957825659;89117
American;PSC 8234, Box 2167;+1-470-472-9058x077;35797
concern;1497 Burns Isle;954.171.0072x34126;38725
chair;32393 Zachary Square Suite 121;(249)874-1087x62979;8733
build;347 Thomas Junctions;1453022759;42573
husband;PSC 3407, Box 1173;072-740-3790;87316
fire;23591 Woods Port;873.334.9386x142;12408
effort;17683 Angela Square Suite 327;707.091.3976;70947
game;675 Lisa Dale;592-204-9396;7065
how;61560 Jennifer Ports;060-697-7796x55541;1763
size;0535 Herrera Lodge Apt. 262;753.410.1781x12472;69572
line;19504 Connie Highway Suite 696;+1-226-770-7763x616;1392
effort;826 Harrison Bridge Suite 047;(486)729-3774;98133
sort;82250 Wendy Overpass;574-717-9332;65194
season;696 Wade Motorway;072-967-4228x676;93847
case;8073 Johnson Points;271-721-0147x399;35329
recent;36441 Deborah Falls Suite 544;(215)259-6333x019;35338
leader;85612 Dominique Key;400.624.6664x1051;79990
decide;1500 Williams Station Suite 295;001-084-149-9158x46874;13066
win;4725 Hayes Keys Apt. 472;(493)547-9615x16286;9084
actually;080 Cochran Orchard;039-963-3058x3984;2954
before;725 Kristina Village;1882421728;15764
father;3049 Angela Pike Suite 016;(892)180-0176x76354;49641
during;3121 Khan Park;(119)602-8614x798;29660
agree;2509 Roth Isle Apt. 906;372-438-0432;45907
hour;759 Eric Island Apt. 430;055.182.3403x8986;68958
feel;7347 Taylor Drive Suite 778;001-755-882-0199x134;21289
call;33442 Keith Circle Apt. 308;6905941168;50338
senior;4385 Middleton Mountains Apt. 961;905.825.3880x1233;46525
apply;18811 Eric Plains Apt. 373;469-728-1891x92176;59663
religious;165 Dana Throughway;001-867-183-8084x438;71851
third;4096 Wilkinson Islands Suite 126;766.342.9138x5263;47108
sport;418 Amber Shoal Suite 684;284.449.3023;1049
character;374 Ricardo Highway Apt. 984;+1-102-128-3829;43930
anything;0182 Williams Way Suite 595;791-040-5309x363;1898
question;151 Wade Field;(795)391-8023;26793
road;026 Sherry Common;200-138-2395x7034;71348
process;9677 Emily Crescent Suite 247;375-252-3462;10171
break;068 Velazquez Squares;238.535.3177;13961
teacher;6502 Jonathan Stream;+1-989-222-2426x42974;70044
affect;70512 Patrick Mission Apt. 280;(660)123-8623x42941;65323
few;13555 William Springs Apt. 096;001-761-696-7406x2317;87921
main;48984 Gary Canyon Suite 867;474-309-5541x039;59025
week;0550 Jon Prairie;462-883-6082;61695
herself;8392 William Flat;(740)616-9777;95879
when;43182 Rowe Track Suite 011;283-302-1248;1510
general;45461 Merritt Pike Suite 615;001-452-735-9913x65632;11839
face;2518 Bradley Inlet;948.334.8343x366;62765
enough;648 Jennifer Roads;001-896-786-8077;60620
play;370 Wilson Burgs Apt. 751;2791166788;9956
teacher;35979 Rodriguez Ramp;168-892-7520x7693;53355
respond;1528 Nelson Squares Suite 840;953-127-7707;82075
order;030 Elizabeth Port;151.511.4303;84532
poor;096 Hernandez Row;001-211-825-6492x83223;91744
almost;975 Emily Circles Apt. 701;001-634-413-5760;39948
occur;USNV Griffith;7465784561;37530
north;7602 Stevens Trail Apt. 156;001-582-712-4844;68158
research;793 Jillian Motorway Suite 850;(083)405-5670x77687;14390
performance;252 Compton Ridges;134.431.0253x08858;95529
project;16478 Olivia Circles;001-411-129-2807x91697;35058
business;1232 Michael Fort;(057)962-1421;43239
first;7600 Webb Station;(928)867-3486x7830;16973
food;5543 Wood Corners Suite 407;(983)101-6968;70129
someone;078 Darrell Brooks;+1-505-672-3153x89702;70765
he;82942 Murphy Coves Suite 935;001-064-524-8424;73098
sense;45551 Lisa Springs;001-350-613-8807x968;54530
much;9250 Timothy Ports;001-274-811-4775x163;80941
peace;1747 Tina Meadow;(175)998-5813x674;73770
beat;3369 Lewis River;001-642-631-4610x0061;12791
a;9099 Shelton Corners;001-602-918-0982;91999
he;79366 Dwayne Shores Suite 858;+1-681-603-8413x8973;33124
serve;6362 Laura Plains;484-072-3032x23746;27046
action;564 Nichole Trail;4161074990;2106
better;340 Peterson Gardens Apt. 644;+1-972-573-3805x78062;95512
discussion;348 Kimberly Lodge Apt. 767;241-416-2774;90049
section;364 Day Estates Apt. 042;(069)172-5234;78313
even;834 Lisa Fields Apt. 744;048-410-0199x892;73943
peace;USCGC Perez;+1-670-038-6468x935;31402
seven;838 Bailey Corners Apt. 961;980.761.0208;23034
mention;4109 Cooper Islands Suite 449;5977611657;66500
morning;60057 Robert Union;523-803-6671x5149;53037
news;66643 James Lock Suite 928;001-775-069-1342x70394;97246
loss;9448 Martin Creek Suite 590;(517)012-7944x817;59149
out;PSC 2319, Box 7676;612-693-5275;97390
southern;6571 Adam Knoll;689-076-3115x47305;26383
answer;129 Henderson Mission Apt. 699;(326)076-1294;27061
team;75494 Hernandez Villages;(344)657-1968x7804;84670
family;17288 Chapman Via;(003)676-3476;37384
write;255 Joseph Drive Suite 309;+1-019-942-0438x500;28702
debate;PSC 5851, Box 4962;001-140-869-4153x8634;42705
source;USS Sullivan;348-936-5654;12502
together;249 Russell Creek;(496)815-0995x7246;21030
central;6638 Fuller Camp Suite 251;308.940.6846x09629;88799
happy;894 Jeffrey Mews;681.727.6697x70701;12590
identify;369 Ryan Field;963-515-8495x123;33748
sea;6428 Daniel Summit;001-286-496-3047x74998;54043
man;76625 Thomas Corners;(900)298-5008;72777
just;126 James Walk Apt. 983;+1-533-189-9369;54788
area;84094 Charles Road;+1-273-865-4993x144;60629
toward;728 Sweeney Course Apt. 466;481-885-1830x46599;34649
call;Unit 2664 Box 7533;017-433-2009;11665
stage;5815 Williams Parkways;233.261.5249;67954
able;63334 Wendy Junctions;+1-996-593-9288x5962;6577
industry;15818 Ross Springs;612.234.0954;15522
fill;Unit 9329 Box 4854;444.785.6835x004;58957
side;9701 Tanya Plaza Suite 903;+1-009-518-0307x1662;95285
charge;080 Graham Islands;007.941.6230;70676
factor;286 Michael Park;116.788.1470x55102;50980
significant;595 Chad Union Apt. 307;001-112-993-0975x937;75041
learn;4191 Schultz Fords;001-926-063-4541x371;87054
wife;31637 Carol Throughway;(340)953-9513x280;92035
travel;0427 Watts Squares;6790802827;78537
society;6243 Irwin Groves;279.010.5856x96876;69911
truth;61664 Olsen Plains Apt. 748;(994)944-4560x47087;47343
meeting;903 Curtis Glens Apt. 324;001-961-500-7205x0354;19242
fact;28099 Robert Groves Apt. 229;(015)134-6550x811;7881
generation;314 Samantha Park Apt. 081;+1-741-242-7609x42904;5512
system;2795 Little Trace Suite 354;+1-721-146-4311;37297
fall;5386 Huang Camp;(046)942-4781;36700
stock;72044 John Manor Suite 863;(963)649-3547x873;41465
PM;5858 Grant Village;202-300-5512;46503
west;USNS Davis;(925)522-4641x35323;43510
ten;PSC 8494, Box 4018;+1-187-354-0244x511;86540
yeah;527 John Crest Apt. 973;001-810-515-7687x1932;8829
job;0160 Alexander Passage Apt. 602;+1-946-600-0876x5454;65868
his;0254 Hodges Junctions;327.666.1666;43583
raise;085 Diana Crescent;531.649.1281x48018;88060
state;09566 Ramirez Circles;019.887.9431x513;7515
indicate;068 Johnson Mill Suite 889;733-730-1640x28936;89241
nature;5685 Jones Trafficway Apt. 525;7589742445;18694
help;397 Brian Streets;3061987325;56171
really;939 Douglas Vista Suite 957;720.751.9780x896;2254
happy;31010 Gerald Neck Suite 586;2020598564;60625
fine;011 Wendy Underpass Suite 973;+1-582-465-3321;61183
down;33428 Jonathan Route Apt. 581;873-567-9034x6051;9329
exist;344 Laura Ridge;001-115-026-3195x198;37034
way;874 James Burgs;(842)213-4867;69716
method;666 Henderson Court Apt. 807;238-715-0644x612;65239
may;37399 Loretta Village;120.009.5033;75756
put;0927 Kenneth Mews Apt. 189;001-164-631-2790x075;64309
smile;240 Morris Port Suite 361;535-501-0951x949;94780
process;55893 Arnold Curve Suite 050;+1-901-703-9098;65976
four;6920 Holly Springs;798-793-2355x35739;56179
our;USCGC Bishop;365-792-3002x825;93161
for;30796 Higgins Coves Apt. 163;472.269.3310x77639;15043
eight;6850 Adam Ramp;056-441-7098x377;13438
relationship;5698 Gibbs Common Apt. 616;980-226-6759x85167;98040
civil;PSC 6422, Box 3435;(289)738-6964x02391;27082
war;735 Hanson Cove;+1-009-532-8004x7687;75435
well;11421 Gutierrez Trail;304.336.3711;4777
piece;102 Thomas Brook;(597)951-0530x29882;72696
realize;0848 Nancy Ranch Apt. 492;658-542-3482x83821;13230
become;4236 Stephen Hill Apt. 798;552.068.2102x22149;65274
firm;89227 Micheal Mews Apt. 007;(092)875-0112x22211;41458
speak;PSC 4244, Box 7712;(283)933-7860x13604;51164
picture;USCGC Garza;8685620396;26687
worker;587 Antonio Via;+1-895-651-5467;53531
project;820 Jennifer Expressway Apt. 686;394.386.9614;90466
design;1365 Robles Trail Apt. 321;+1-508-124-4619x983;46376
reality;0022 Michael Prairie;827-558-2115x7045;73989
writer;368 Angela Overpass;001-666-358-9375x0365;32401
or;3466 Wesley Parkway Suite 578;419.118.9422x7102;55248
beautiful;5332 Humphrey Islands Suite 316;323.755.7254x430;13875
join;31591 Hughes Green;+1-373-008-0087x180;77433
its;968 Becky Park Apt. 712;+1-704-276-3198x7052;66760
former;79105 Brown Lane Apt. 048;679-463-4130x043;23729
hot;99935 Stone Fork Suite 927;6547824807;54620
have;USCGC White;896-438-1802;92593
painting;66157 Regina Stravenue Apt. 355;(451)303-2352x46383;82100
consider;7575 Amy Flats;793-731-2565x3938;26912
population;9123 Holt Rue Suite 292;+1-631-168-6687;97407
catch;37722 Conner Estates Apt. 507;(876)829-1266;38988
dark;601 Michael Throughway;+1-038-003-2019x58937;80398
remain;095 Jamie Haven;(478)386-4061x987;4756
control;85041 Nicole Plain Suite 712;780.744.4662x0156;99257
town;259 Joshua Cliff Apt. 385;504-257-0140;26082
heart;218 Hernandez Lake;705-506-6309x54811;70173
inside;609 Robertson Centers;001-101-857-5457x42686;32369
increase;99447 Lori Trace Apt. 643;001-240-339-8680x375;80052
society;6334 Sarah Coves;325-559-2437;38911
network;377 Darren Mission;065-678-8397x7333;68844
smile;28016 Megan Cove Suite 581;830.205.9807;78944
approach;7572 Jackson Land;(146)399-3367;97347
series;78753 Cathy Light Apt. 760;001-068-481-2143x33982;71045
style;68395 Douglas Club;3204245421;53857
one;9328 Thompson Fort;001-949-641-4350;7868
drive;352 Wilcox Course;(194)884-6616;25857
employee;17594 Matthew Center;+1-514-645-7779x60782;99670
where;PSC 6292, Box 4589;941-957-1282x318;17246
relationship;79378 Baker Landing Apt. 460;001-766-319-3465x613;14844
staff;02923 Billy Mountain Apt. 676;310-420-3328x5448;17978
quite;66152 Garrett Wall;001-205-169-0443x8362;9662
trip;459 Karen Islands;332-465-8070x1107;26151
force;1626 Sara Meadow Apt. 843;344.697.5391x1432;17930
as;6800 Michael Brooks Suite 262;001-196-570-5541;31808
offer;4802 Bowen Track;+1-728-402-6065x3333;74361
cultural;PSC 3583, Box 0983;+1-286-045-8225x358;41746
great;PSC 8868, Box 2372;(019)038-5430;13258
develop;69768 Holland Causeway Apt. 354;5563026365;23318
hotel;0191 Hamilton Cliff;265-455-5430;86076
soon;740 Ward Divide;(006)645-5242x5429;41046
not;933 Christopher Trace;001-734-008-7502x4128;33881
appear;83868 Wesley Manors;765-412-3449x87854;54906
recent;725 Adams Station Apt. 466;400-985-8144x360;84911
travel;6754 Underwood Square;557.347.3296;97975
modern;13719 Hardy Port Apt. 918;001-328-529-1960x48171;2796
medical;8736 James Squares;001-191-024-1800x044;37099
message;50265 Franklin Valley Suite 674;001-453-087-5269x71513;97975
strong;62580 Jennifer Spring Apt. 148;(292)442-2019;20370
reality;USS Nguyen;001-857-630-2356;66129
term;43426 Baker Greens;(321)061-1863x318;22285
actually;426 Amy Key Apt. 241;552.381.2885;47200
its;71143 Dunn Ports;+1-281-721-3122;95113
issue;23999 Smith Fall Suite 674;(091)442-7079x959;12902
find;53600 Jacob Roads;+1-161-719-0462x5919;26291
company;978 Erika Throughway;524.215.0182;97838
manage;226 Arnold Underpass Apt. 302;934-898-1216x98711;92235
could;98796 Sweeney Keys;001-875-594-6853x333;79837
career;18093 Oconnell Lane;(339)211-7821x683;74650
manager;8231 Marisa Centers Apt. 732;+1-035-381-3981x84856;42778
store;309 Robles Flats;322.156.1799x800;44340
peace;8061 Wilkerson Mall;261.770.2501x89084;19403
single;824 Lin Highway Apt. 052;(742)574-0220x249;93611
serve;5594 Rebecca Island Suite 814;687.153.3893;94489
shoulder;Unit 8304 Box 0350;(039)382-4406;74780
try;65069 Moreno Motorway Suite 005;(065)931-3280;94214
range;9243 Heather Locks;527.724.0876;25472
edge;83664 Christina Vista Suite 008;374.595.6527;53352
into;91216 Calderon Glens;320.568.5544x456;11524
thought;94663 Carey Falls Apt. 523;+1-961-625-8215;49027
east;321 Nichole Hills;840-205-9987x7217;75801
kind;28570 Shepherd Shoal;001-667-159-4712x06183;64303
speak;74177 Jennifer Walks Apt. 450;001-188-342-8816x703;89365
language;31805 Douglas Mews;8968478795;15782
official;169 Ryan Well Suite 163;155.167.9911x298;81524
treatment;79453 Jason Inlet;001-780-874-6777x609;17765
benefit;23664 Brown Streets Suite 004;519.112.9187x9096;94499
between;70162 David Rest Suite 551;2493199433;80699
skill;37646 Sanchez Highway;701.521.5006x73875;55652
successful;09389 Patton Junctions;+1-289-001-5434;23275
sure;39456 Thomas Via Apt. 579;+1-103-816-7205x6875;75239
stuff;7957 Clifford Keys;(227)432-6613x253;11717
author;07628 Nicole Street Suite 530;(204)423-0550x093;44485
ball;53435 Payne Mission Suite 676;(180)017-6588x3899;60237
cut;32840 Sheryl Causeway;(924)036-6454x23236;52340
person;7047 Darius Spurs;5479963263;11711
they;5582 Christopher Ridge Suite 773;001-176-409-2210x7817;26944
somebody;1509 Martinez Roads Suite 320;9354889289;2688
road;054 Alicia Glens Apt. 635;+1-412-511-2958x46278;84826
minute;96826 Swanson Isle;001-960-609-1303x99303;64208
thus;75973 Donna Rue Apt. 099;(465)528-1442;64011
even;92090 Cardenas Turnpike Apt. 283;(953)633-7311;66243
course;372 Ernest Unions;600-279-6194x35581;52404
source;948 Daniels Branch Suite 288;+1-205-400-5975x8197;5448
economic;PSC 0634, Box 0260;001-811-895-5332x098;21817
still;20569 Lopez Drive;547-916-0379x385;90313
head;3981 Christopher Locks Apt. 139;+1-093-101-0739;83131
purpose;56247 Fletcher Junction;890.089.1966x2567;26586
say;56708 Sara Stravenue;225-307-4889x7134;77770
challenge;147 Larson Vista;(755)930-1694;59031
body;617 Booker Crossing Suite 336;126.302.7684x65109;63537
become;841 Deborah Crest Apt. 950;(660)327-5090x6340;39785
reason;9093 Kevin Knoll;(501)433-0237;38777
language;55176 Sheena Ways;(175)640-1941x6346;81220
create;Unit 1997 Box 8338;315-828-5022x2396;38662
eye;0924 Ashley Isle;455-909-4099;4705
seem;45964 Bryan Turnpike;227.255.7212x22379;28498
ask;24904 Baldwin Pine;476-368-0853;87530
mother;3215 Summers Cove;872.266.0817;90921
along;0956 Michael Falls;(673)194-2354;92787
per;6225 Hill Cove;001-744-244-1322x3868;10664
throw;08437 Barnes Walk;(372)467-1101;90661
amount;561 Jose Canyon;224-883-1407x05100;54659
lot;8418 Gonzales Extension Suite 615;(797)790-5897x73378;77643
sign;33205 Brown Mall Apt. 626;(181)659-1828x2616;79724
travel;9933 Johnson Brooks Apt. 729;(951)123-0474x11562;93040
statement;27996 David Ways Suite 407;765.525.1095;36717
true;977 Sandra Union;052.941.4297;40949
show;USNV Dickerson;627.259.2392;28013
necessary;919 Steven Run Suite 807;496.560.8763;62118
popular;8503 Richard Valleys Suite 895;+1-371-340-6109x9726;88792
mouth;8486 Sandoval Road Apt. 923;209-554-3746;58523
dark;2088 White Branch;705-345-6983;24147
interest;3116 Elizabeth Island Apt. 060;025.334.7494x882;91257
remain;884 Joseph Street;001-852-522-4534x75756;17738
run;885 Jessica River Suite 393;3752039069;74520
wear;9995 Mata Spurs Apt. 112;282-161-4314x70403;41612
high;583 Vang Ville;1596936748;39926
interest;5801 Kevin Port;001-704-569-8388x544;34311
PM;41469 Salinas Streets Suite 222;927-658-3665x5899;67504
score;8806 Alan Rapid Suite 177;2496606389;20757
bed;795 Johnson Cliff;(756)922-3963x428;81496
debate;5129 John Crest Apt. 019;430.952.8181x79451;91714
worry;24182 Jeanne Square Suite 275;(875)177-6022x43020;93481
alone;Unit 8105 Box 2625;(317)125-2920x816;94339
small;82511 Martin Lights;608-918-5038;56368
power;9795 Michael Lights Suite 529;(202)177-6229;96522
identify;05015 Whitaker Rue;589-859-6315x3382;5925
everybody;00200 Mary Burg Suite 583;(715)133-5715x32706;39349
notice;65349 Barrett Ville Apt. 387;142-731-4374x0628;49074
husband;PSC 9425, Box 9485;106-264-1674;89889
himself;8437 Schneider Falls;(331)699-6993;93848
kid;209 Patricia Square Apt. 514;003-079-8836x861;3053
kitchen;769 Jennifer Greens;+1-331-741-4201;88526
fly;PSC 8383, Box 6116;061-113-5709x1622;60967
property;PSC 4846, Box 3458;(959)597-3693;90147
dinner;47444 Hanson Plaza;069-071-2000x503;41551
suddenly;802 Brittney Mountain;652-219-3399x053;42940
politics;0125 Patterson Shores;001-067-484-3710;49105
evidence;USNS May;(277)159-8631;30641
news;0533 Murphy Motorway Apt. 148;791-681-6887;28010
hit;8454 Cabrera Harbors;+1-891-848-4165;15895
staff;524 Johnson Junction Apt. 730;439-614-2147;37766
rest;01140 Monica Hollow;+1-124-496-9094x35118;21134
behavior;385 Sean Court;(964)668-3322;44601
its;322 Grant Place Suite 274;001-925-518-9736;57387
moment;3139 Warner Junctions Apt. 921;+1-187-468-2748x452;65961
similar;PSC 4034, Box 5980;+1-260-740-5017;24517
upon;0137 Abbott Dam Suite 905;827-060-7354x2177;8031
discuss;0113 Erin Bypass Apt. 551;030.074.2386;44216
with;54988 Pierce Roads Apt. 448;001-370-038-4427x39892;12899
economy;7640 Julie Inlet Apt. 564;899-345-5493;28365
kitchen;8852 Carl Green Apt. 072;+1-600-652-8291x498;74427
rise;69091 David Orchard;705.840.8281x98672;21025
business;45776 Mark Villages Apt. 373;+1-309-926-8556x2148;15368
Mrs;834 Wilson Mission Apt. 453;+1-293-721-0174;58531
set;2705 Torres Cliff Suite 952;418-950-7019x648;72760
material;71462 Anthony Junction;445-282-3925x12529;25316
expect;94860 Tyler Summit Suite 635;779.136.9580x83367;17679
serious;081 Clark Spur;+1-674-832-7840x3055;87703
near;7322 Black Branch Apt. 258;756-469-1198x823;62524
old;82184 Vaughan Summit Apt. 876;070-020-3966;46225
character;Unit 7760 Box 3603;998.106.0684x931;61354
score;34609 Romero Summit Apt. 828;(355)741-1100x1487;23957
accept;6073 Gabrielle Extension;+1-619-345-4000x52812;98644
issue;7032 Matthew Course;(176)407-8891x9301;69635
read;4654 Teresa Motorway Apt. 210;(436)130-3189x0100;89248
house;49823 James Lakes;238-902-0615x37422;18890
child;534 Andrew Forest Suite 492;611.685.2013;17282
believe;616 Rollins Meadow;588.213.0491x750;53985
democratic;USNV Rogers;347.123.7935x761;67394
former;79838 Whitney Lakes Apt. 876;(343)409-3197;68645
second;794 Lynch Corner Apt. 603;(808)213-6475x806;76472
order;0935 Kimberly Route;075.677.0566;17832
early;9034 Neal Plains Apt. 270;001-512-987-5723x6212;70809
force;425 Collin Spring;001-551-775-6639;50567
through;USCGC Johnson;342.080.7602;83607
see;8569 Gallegos Unions;3004429272;51332
yes;39855 Sanders Forges;023.488.3463x0537;60258
item;2487 Palmer Loop Apt. 557;048.243.1816;79994
almost;13720 Mejia Rapid;352.484.3359x9507;36261
federal;34541 Jason Mall Suite 615;+1-668-599-7648x34421;25471
their;USS Cardenas;(070)130-5245x7384;70909
food;926 Miller Coves;877.117.8024x99869;13881
society;8700 Anthony Grove;4088825565;30848
while;3939 Richard Fords Apt. 223;142.873.9160x78289;40608
art;1418 Brian Knolls;001-893-651-9295;53323
understand;038 Myers Falls Apt. 517;686.032.7071x740;26659
old;5656 Larson Tunnel;076.700.7599;63070
lay;5818 Sarah Meadows Apt. 125;001-521-415-6418x24021;40108
until;PSC 5282, Box 1447;7454644447;63886
next;Unit 9306 Box 2706;339.506.9983;39401
mention;47201 Esparza Radial Apt. 928;2501716726;46275
million;958 Amanda Inlet;859.504.2610x5692;39594
hundred;401 Thomas Point Apt. 444;(848)563-8069x9949;45965
next;481 Brown Junctions;+1-844-525-3096;54679
important;326 Michael Ferry;(697)819-8546x7374;65849
anything;5215 Jackson Mill;001-306-448-6002x201;81652
medical;9320 Adam Tunnel;464.382.3340;18225
Republican;3162 Bailey Vista;+1-309-524-9560x5881;22203
coach;9816 Daniel Drives Suite 137;257-450-3964;58036
employee;1494 Lauren Forge Suite 493;001-907-089-2220;12283
much;9776 Mills Overpass Suite 196;6230147917;55376
medical;5359 Zoe Stream Suite 804;099-218-2419x3268;13946
on;3016 Daniel Crescent;001-713-547-7394;25366
describe;826 Myers Mountain;001-739-737-8707x159;75546
senior;USS Gonzalez;506.059.5957;95746
pick;5643 Daniel Skyway Apt. 222;001-197-516-1966;25327
stay;112 Kenneth Alley Suite 642;+1-167-028-5468x307;35953
live;0784 Christopher Greens;001-107-028-3551x7674;39076
baby;5441 Meyer Brooks Apt. 161;851-375-3536x7718;52089
notice;PSC 1217, Box 5942;+1-995-993-7987x277;35721
try;835 Cathy Dam;398.618.8676x94324;10128
performance;Unit 3654 Box 0638;003-883-5609;64045
across;0972 Colin Mill;001-387-910-8684x2966;98656
trade;83843 Ramos Groves Suite 831;610-916-2132x1152;73382
tax;33333 Rachel Square Apt. 329;(533)039-3139x315;24805
source;USNS Hart;+1-687-273-8867x39202;89500
although;430 Daniel Gateway;627-930-5266x741;27700
reason;3196 Austin Dale;479-357-4783x692;1272
voice;Unit 0040 Box 8697;(036)340-6576x509;74230
hair;8042 Castillo Common Suite 206;001-556-724-7270x7475;30693
thank;941 Hogan Forges;9248144368;43307
material;07683 Ballard View Apt. 145;961-231-0153;69726
doctor;329 Carol Islands Apt. 259;(680)340-8747x08476;62267
other;792 Foster Mount;071.455.1784;16454
produce;0649 Mitchell Hills Apt. 526;188-792-9302x7888;58686
site;Unit 6789 Box 4618;723-768-5655x49880;16279
themselves;730 Cooper Lights;001-208-220-7151;46980
organization;1557 Jane Station;001-668-560-6614x736;21718
win;798 Amy Rapids;886.252.6992;24368
source;3118 Nicole Mall Suite 820;+1-105-679-3236x28386;66451
between;85887 Robert Parks Suite 092;257.671.5103x4132;70839
area;91467 Joseph Glen;3291072009;3924
give;Unit 7214 Box 6273;001-793-903-4334x452;96518
mother;845 Roberts Mills;7832275672;59978
marriage;088 Jason Hill Suite 531;+1-139-848-3990x2023;60163
deal;9279 Valentine Pines;+1-272-306-8530x653;98374
employee;Unit 2174 Box 8491;001-452-068-6864x2914;32343
human;153 Lisa Hills Apt. 584;502.942.7189;69503
sit;6764 Evan Loop;001-895-788-9056x0160;65614
range;9467 Turner Junction;1600262928;32798
four;4468 Rodriguez Landing;(096)388-7964;57859
leader;432 Kelly Dale;9082019319;19563
gas;68782 Espinoza Ramp;+1-980-362-1744;83370
see;78974 Reed Crossing;+1-370-685-2617x9796;38638
send;9158 Tyler Mountains;(292)390-8249;45963
wide;47052 Haley Crossroad;001-230-156-1133x9360;57382
six;USNS Adams;443.464.0360;89548
control;481 Snyder Mount;222-239-9773x567;26234
cup;357 Keith Roads Apt. 553;972-025-2527x94720;26919
because;1850 Gonzalez Manors Apt. 487;(974)754-2129;60788
eye;89737 Banks Lodge Suite 439;001-749-010-6810x91255;24158
use;52053 Joseph Crossing;001-013-753-2665;64296
least;48468 Catherine Ramp Apt. 932;835-643-8718x85393;58857
as;1529 Walter Extension Suite 370;120-821-8269;78523
financial;244 Lindsay Mission Suite 705;063.908.6070x34047;80203
debate;12611 Marcus Greens Suite 461;(997)364-3907x31612;71155
special;USCGC Walker;551-240-7947x03640;72617
then;553 Orr Center;3811846705;69914
rich;02576 Brian Mall;115.503.5334x42599;96881
investment;931 Jake Island;071.396.9781;99559
lose;737 David Point Suite 389;(576)901-4083x04875;34399
financial;4256 Alan Forks Suite 685;509.856.1549;68474
article;Unit 1020 Box 1233;(503)983-6884x338;71125
training;151 Jessica Run;5995621304;54765
must;Unit 5769 Box 8484;3421722676;67081
girl;07029 Duarte Mill Suite 520;524-213-1300x7902;46418
morning;8572 Christopher Cliff;001-678-028-1708x54076;14461
movement;0069 Boyer Path Suite 490;+1-620-517-6184x150;12383
despite;9560 Emily Manors Apt. 614;(216)111-5723x7334;80445
class;Unit 3139 Box 8208;263.481.1325x17968;54772
environmental;Unit 3420 Box 4041;517-103-0869x4953;60669
wall;537 Darlene Turnpike;+1-301-439-9906x8110;78686
some;01829 Hill Fork;964.773.5168;5582
short;82667 Carlson Pass;001-171-410-3310x06143;3016
impact;488 Jacob Loaf;6032741578;6673
parent;213 Reynolds Street Apt. 050;474.546.2161x7883;5989
agree;62315 Marshall Pine;+1-119-635-4806x65697;4815
people;9786 Amanda Crossing;545-398-0523;15025
myself;95063 Elizabeth Valleys Apt. 232;+1-998-326-4424x4933;71901
program;76559 Anderson Orchard;(705)528-5238;89833
imagine;USCGC Williams;810-847-6459;41109
movement;0406 Alexander Station;001-693-079-1011x900;4983
behind;238 William Village;001-779-885-7287;72520
camera;USNV Taylor;351.553.4836;26567
buy;14777 Jacqueline Spur Suite 589;001-409-503-8633x2232;95759
under;5398 Tiffany Throughway Suite 192;1062283232;79247
hard;731 Casey Skyway Suite 570;657-950-7219x34055;11433
easy;6963 Wilson Walks;001-120-442-9382x814;68725
score;8692 Jasmine Lake;(779)375-9238x23890;40007
benefit;613 Teresa Field;(739)445-8458x6498;11754
government;15582 Alfred Port Suite 873;(133)981-8571x361;50759
color;57652 Erik Hills Suite 154;(964)817-1649x718;23949
road;8440 Jones Corners Apt. 354;(530)304-9117;88399
can;323 Garner Shoals;421-057-2773;12810
official;0238 Monique Port;(958)357-3588x566;58370
story;852 Decker Spring;(700)188-0093x469;60938
nor;470 Catherine Branch;1603911638;1659
president;523 Sarah Street;582.845.0269x580;47087
particularly;PSC 2431, Box 0377;729-940-9914;25756
ready;674 Andrea Ville Apt. 402;417-280-6340;30587
each;31247 Daniel Radial;106.712.9064x0576;2493
summer;140 Kim View Apt. 562;(397)612-9033x546;29997
force;9718 Christine Spur;+1-162-805-0960x1491;66973
listen;35676 Morris Inlet Apt. 442;+1-844-203-1164x76562;46408
seat;530 Shannon Village Suite 217;744-656-2759x8828;89084
four;67228 Allen Drive;705-328-8839;28668
about;6771 Elizabeth Divide;739.411.8359x97383;93477
your;USNS Pugh;(253)975-7120;19875
pick;089 Mcgee Village Suite 756;(032)730-8237x67910;76660
point;17217 Jose Parkway;126-875-3316;25892
many;11621 Craig Mountains;669-520-1174x7549;61439
day;529 Stephanie Falls;586-195-1814x21822;7962
hit;20600 Charles Summit Apt. 048;+1-918-203-6861x46311;49984
hit;00282 Hardy Plain;8781309355;37662
me;Unit 6064 Box 1141;453-589-3264x350;38594
size;0463 Angela Pines;001-310-579-0049;11538
tax;7051 Dawson Plains Apt. 168;(917)721-5200;39874
sure;2077 Gonzales Station;001-237-658-2369;7019
discover;47818 Lopez Crest;260.078.7414x381;89474
into;30830 Kevin Circle;+1-613-448-2710;73789
play;20985 Eric Streets Suite 729;868.042.6619x399;92148
other;15948 Matthew Locks Apt. 415;+1-723-521-7977x575;85299
source;7095 Morse Stream Apt. 186;+1-288-665-6680;45411
difficult;4850 Robert Alley Apt. 996;(803)408-9443x3235;95621
huge;52184 Eric Squares Suite 595;001-098-582-4053x82321;78444
wonder;140 Ivan Drive;962-205-9705x76575;67956
our;595 Downs Island Apt. 594;2947079070;85437
audience;873 John Villages;888-510-8087x50965;90378
enough;08548 Jacqueline Rue Suite 004;(436)204-1979x443;82158
social;Unit 0721 Box 3827;001-534-676-9979x85817;34559
player;15978 Moore Extension;399.520.5156x1852;69693
indicate;016 Nicholas Creek;850.791.6019x554;36365
leave;038 Steven Corner;+1-982-004-2582x182;94521
all;214 Webb Expressway Suite 299;(693)960-6294x2807;11539
world;3885 Brianna Mission Suite 616;370-057-7659;92312
clear;106 Stephen Fort Apt. 058;7052408281;3202
investment;3079 Wendy Trail Apt. 984;950.839.5045x7104;69693
control;0841 Carlson Valleys;427-236-4638x611;97234
through;9053 Cabrera Island Suite 436;353-456-6027;50992
though;25801 Baker Route;217-302-7380;34790
trade;184 Jensen Stream Suite 696;219.815.3947x58003;56028
will;3040 Michael Drive Apt. 619;+1-731-682-1491x965;25664
chair;Unit 4306 Box 4963;(030)958-2470x1925;28466
recent;424 Samantha Coves Suite 613;(778)665-9207;14736
drug;7985 Leon Walk;+1-675-816-9653x922;17844
lay;841 Pineda Burgs;583.053.2064x11199;54043
ready;577 Willis Harbor;100-384-5660x414;69142
indeed;92185 Brown Inlet;+1-942-448-8817;51581
dinner;1903 Jones Fields;935.859.1108x163;6348
night;65300 James Ports Suite 271;001-494-028-2417x975;11324
stay;2310 Obrien Park;001-169-550-8141x8664;59065
too;6041 William Wells;001-200-331-6355x590;78154
later;58139 Burke Streets;236.776.6337x1927;43510
big;383 Kelly Coves Apt. 592;441.165.3280;14078
four;8604 Flores Meadow Apt. 841;(595)249-8165x986;69502
parent;7210 Tran Springs;261.031.2218x68237;38906
attorney;6136 Jennifer Bridge Apt. 068;001-401-227-6460x48899;28395
thank;1577 Kramer Cliff;(523)107-9097x12357;17137
large;959 Sanchez Plain Apt. 353;135-634-6483x77479;88843
out;36186 Sierra Landing Apt. 760;166-899-8581;87086
edge;94053 Leah Forge Apt. 889;(453)012-2031;31148
body;25114 Marquez Islands Suite 366;858-772-5990x2159;81384
claim;USNV Wilkinson;(056)069-5157x422;24113
chance;362 Vickie Port;(909)034-9796;51642
heavy;435 Carlos Streets Suite 024;(835)493-6053x33723;49030
door;7619 Jackson Crossing Suite 068;3689981522;9907
give;USCGC Manning;+1-723-704-7413;47346
itself;421 Martinez Underpass;798-612-3774x12393;16897
heart;PSC 3259, Box 7655;(068)471-9526;22355
tend;72824 Alvarez Plaza Suite 756;+1-730-576-8010x20072;5949
her;21379 Jennifer Harbor Suite 108;521-024-8793;52398
century;1376 Duffy Circles;001-180-759-8515x1977;77642
budget;18387 Christine Isle Suite 178;(547)653-0792x9270;41879
choose;526 Michael Road Apt. 772;(034)398-0088;86736
than;USS Whitehead;072.515.0157x741;3515
cultural;183 King Forges Suite 592;869.953.7374x9739;17482
painting;2402 Jeanette Highway;(104)827-5028x5704;9040
bit;22874 Campbell Dale;839-478-8821;16631
heart;3166 Jones Roads Apt. 441;558.263.6330x46073;52021
watch;174 Cynthia Mills Suite 780;633.502.5317;81971
mean;57469 Mackenzie Orchard;+1-930-993-5447x54208;54721
draw;9402 Brian Vista Apt. 645;(591)998-3434x63372;7485
cup;3405 Andrew Hills Suite 460;001-354-180-6425x01496;34810
best;819 Olson Heights;(876)325-8970x0174;86228
might;2191 Jones Court Suite 564;(313)701-2080x4373;58224
modern;39774 Thomas Extension;(118)977-5258;81010
might;0698 Mckenzie Spring Suite 585;004.539.6314;72396
sport;PSC 8300, Box 6318;5873299312;46201
all;5063 Tyler Extensions;9854982356;6206
charge;8085 Elizabeth Walks;001-793-890-4491x063;38335
so;876 Woods Land;001-483-279-2185x5609;29947
practice;25211 Tina Ville Suite 289;+1-706-212-9202x9863;98148
money;7244 Leslie Greens;(079)029-5401;5418
we;0402 Williams Highway;595-040-1041;74074
perform;82910 Lara Island Apt. 785;+1-855-377-0452x0755;68738
movie;928 Washington Flats Suite 857;+1-619-848-3673x0769;74275
little;6411 Victoria Stravenue;1749422009;36447
picture;85892 Andrew Crossing;+1-609-590-8713;84229
treatment;0765 Morgan Gardens Suite 123;596.582.4881x363;64895
word;786 Alejandra Skyway;819.226.3251;18011
have;704 Sherri Place Apt. 826;790-126-1703;44418
before;77329 Clark Parkways;0419709773;13428
bad;192 Barbara View Suite 738;001-782-700-1669x4958;98124
result;06391 Lynn Avenue Apt. 139;9990624575;9728
agreement;PSC 9181, Box 7863;+1-834-855-2012;25075
once;89165 Steven Road Apt. 343;001-061-512-8883;4969
follow;0807 Washington Run;532.922.1308x94506;71004
local;PSC 3429, Box 7573;001-372-163-9150;14211
parent;8557 Stephanie Corners Apt. 651;012-582-5927x77814;5678
need;8581 Baxter Skyway;702-371-3926;54944
career;82021 Allison Garden;(729)204-3910;55995
under;2505 Denise Burgs;(233)133-0087;67559
simple;684 Ferguson River;665.414.5473;90167
though;USCGC Cook;(818)968-0339x720;96899
water;954 Logan Vista;001-800-199-6679x742;66797
improve;11777 Brenda Gateway;7194198355;44388
western;9703 Jared Estates Suite 889;001-294-564-3502;40276
central;7725 Anthony Walks Suite 956;(703)848-1445x62387;91001
money;905 Richardson Burg;(497)324-5819x08719;24966
control;04020 Thompson Springs Suite 033;108.318.2425x994;65936
worker;687 Mcdonald Spur Apt. 809;158-689-2707;20182
himself;8410 Crystal Way Apt. 622;320.656.7446;73071
identify;031 Jenkins Lodge;001-766-083-3745x9902;12926
go;36610 Scott Mountain Apt. 406;261.288.5179;4649
nation;02192 Sarah Wall;001-994-585-2964;18245
usually;24692 Jackson Tunnel Apt. 681;010-715-6774x968;74118
window;747 Sandra Camp Suite 801;3075748660;71582
represent;PSC 8735, Box 4436;(346)879-1549x828;19221
pretty;8342 David Freeway;603-369-6490x043;91730
seem;049 Brian Land;368.651.2885x8219;32869
security;688 Rodriguez Ranch;144.482.3016;85670
cell;281 Smith Square Apt. 817;001-252-282-7229x265;14084
have;144 Garcia Prairie;(475)547-7783x4129;56614
exactly;PSC 4087, Box 9718;(021)415-6738x9260;9681
ok;576 Jorge Meadows;108.009.5579;56995
majority;90831 Troy Ports;213-523-4545x68615;47656
staff;64745 Jordan Parkways Apt. 477;(906)340-5947;40736
knowledge;Unit 8064 Box 0017;001-112-911-2319x969;68515
issue;0783 John Green;(607)814-4136;6602
few;80820 Nicolas Well;139.463.0308;87423
when;5967 Chelsea Lakes Suite 453;001-414-707-6390x7374;7063
film;333 Tracy Mountains;814-046-5325x679;74678
everyone;37120 Collier Extension Suite 707;+1-979-987-1567x45123;54898
production;01161 Pratt Alley Apt. 429;(201)285-4256x90721;69073
or;189 Woods Brooks Apt. 353;856-171-6796x8135;84163
top;54600 George Courts Apt. 758;(321)177-7584x174;27223
suddenly;19524 Mary Parkways;548-647-6076x764;65148
place;48521 Laurie Estate;001-595-822-7789x99678;39606
two;1301 Cooper Trace;330-012-0798;91113
recognize;1077 Martinez Creek Suite 789;7281258285;33995
then;2039 Holmes Turnpike Suite 849;+1-405-270-3241x689;92185
serious;9225 Mary Springs;001-055-057-2088x50589;89343
choice;5992 Jones Stream Apt. 145;212-174-2792x140;40972
evidence;4554 Rosales Mission Suite 802;(605)920-0321x284;64828
interview;53570 Hernandez Junction;+1-682-564-0786x647;11077
while;94737 Ramirez Ford Suite 766;+1-584-790-4718;48043
question;255 Flores Rest Apt. 048;(563)231-6306x070;11535
catch;232 Werner Village;+1-169-621-7302x09090;16181
marriage;19557 Mathews Rapids Suite 874;+1-364-235-1831x01139;10551
staff;283 Thomas Coves;3408091868;43215
serious;09862 Kimberly Village;001-677-764-7997x306;35145
seek;458 Patricia Canyon;542.493.2375x135;3735
end;PSC 5080, Box 0690;(608)584-6651x646;81601
support;7678 Rodriguez Mission;1128685926;44160
policy;137 Bethany Hills;090-422-5937x7949;69175
politics;455 Thomas Hill Apt. 409;902.876.1629;25778
country;75846 Ebony Ways Apt. 092;(862)741-2008x6565;68474
this;40112 Michael Plains Apt. 145;567-919-8544;42645
discuss;084 Brown Coves Apt. 965;(636)858-7270x3354;95651
memory;004 Figueroa Via Apt. 024;(471)410-9820;59344
toward;96508 Young Cliff Suite 777;001-787-267-1261x028;33820
consider;4778 Dominguez Prairie Suite 168;(928)212-8641;10507
according;87540 Alisha Station;(095)568-5741x62966;55585
game;924 Richard Hill Suite 676;587-965-2359;68559
performance;3018 Amber Port;6217866010;13054
budget;665 Michael Row;(985)607-8509;59328
space;3142 Sarah Extension Apt. 740;(080)079-3773x0807;30267
line;06630 Michael Wall Apt. 726;248-764-2514;85397
view;12330 Natasha Turnpike Suite 163;913-618-9649x8270;15625
type;74232 Henderson Common Apt. 684;(393)768-0910x77717;93379
out;7959 Lindsay Center;2644213061;89366
goal;4135 Erik Coves;(935)947-9086x55168;22908
against;45144 Hudson Trail;457-851-8633x00186;80649
head;268 Lynch Port Apt. 637;619.939.1857x24232;24136
along;0189 Fuller Bypass;(131)877-3175;59414
water;833 Eric Island Apt. 427;+1-667-865-5782x1143;20302
letter;USCGC Lamb;+1-732-648-2123x91724;39246
so;66963 Miranda Trail Suite 851;705.144.1583x58333;27911
read;30885 Brennan Flat;+1-485-540-7505x869;92724
way;089 Melissa Vista Apt. 067;+1-925-536-2584x3242;14283
level;751 Laura Stravenue;761-075-0971x899;69681
matter;353 Pruitt Inlet;134.461.3448;60645
can;9605 Mills Lock Apt. 446;(490)820-4158x5292;54500
successful;09682 Debra Village;(546)111-0269;97784
age;3553 Garrison Mall Suite 141;1389880403;18257
recently;230 Sandra Parkway Apt. 569;607-025-2664x2567;42406
consumer;775 Caitlyn Bridge Suite 100;299-432-6645x749;93194
according;51489 Anderson Haven;001-749-494-6021x5705;21738
employee;467 Bishop Rue Apt. 842;+1-587-426-8753x774;64323
easy;151 Perkins Mission;(634)108-4242;23463
buy;53931 Lane Extension Apt. 056;504.765.8682x6579;30597
quickly;08810 Cook Manors Apt. 365;001-196-435-8702;84764
these;47902 Oneill Islands;+1-027-387-9123x083;75175
wonder;4591 Palmer Stream;714.688.8771;8704
return;Unit 6340 Box 4150;(693)641-7946x44616;89107
theory;0396 Jerry Keys;869-738-8466;20820
treat;21398 Dunn Parkways Suite 074;327.030.1409x4695;14124
herself;6328 Diaz Creek;058-858-8291;65959
how;784 Keith Junctions Apt. 125;001-322-171-1642;60904
agreement;PSC 0841, Box 8662;001-813-361-4106x4447;9893
myself;278 Gabriella Station Apt. 038;(166)030-0864x502;94810
bad;45953 Nathan Mountain;+1-896-158-8619x24852;74663
none;8243 Vega Ramp;001-627-638-0227x0410;31551
why;6948 Benjamin Station;7643509334;66356
what;1326 Mcmillan Radial;001-826-216-3281x78348;39566
create;270 Scott Lakes Suite 799;(386)732-0241x6034;62688
town;33400 Camacho Throughway Suite 618;001-642-963-3291x19526;67729
voice;755 Ruiz Ports Apt. 383;432.309.2367;86151
life;414 Ross Garden;+1-331-265-7546x035;93930
feel;Unit 4902 Box 2294;863-566-0239;94435
feel;7103 Brandon Estates Suite 440;944.426.6957x90208;46419
cup;501 Nelson Center;001-063-394-0343x28272;90453
garden;5073 Arnold Pass;(843)060-0750;40398
leader;1383 Johnson Cliff;001-764-068-8286;88800
campaign;Unit 4384 Box 1164;380.891.2732x6653;98131
toward;56711 Matthews Summit Apt. 487;001-107-750-9945;77214
consider;47551 Miles Points;0139588032;87799
couple;89516 Jonathan Plain Suite 788;(550)891-4700;11290
amount;272 Rebecca Dale;001-567-348-8172x08147;96641
time;1150 Miller Bypass Suite 858;001-587-733-6338;72372
throughout;7716 Aaron Avenue Suite 943;001-885-534-9945x5545;19653
Mrs;108 Reese Brooks Apt. 085;821.649.5585x31919;21590
your;089 Lindsey Lodge Suite 128;143-766-2274x355;79752
what;19117 Krueger Isle;8328570613;4385
break;86290 Wong Hills;638.299.3546;32587
account;942 Ricardo Via Suite 892;001-885-453-7183x9914;11418
son;4248 Scott Field Suite 906;(766)139-4075x500;73532
child;547 Kelly Points Suite 003;(008)625-9681;93571
gun;3400 Joshua Drives;866.326.6501x0696;64251
focus;2939 Julie Falls Apt. 627;+1-268-323-5272x2816;16781
blood;79956 Castaneda Light Suite 831;001-528-883-7689;72545
relationship;6536 Snyder Park;(196)968-9781;13574
born;383 Brown Radial Suite 170;138.635.4782x191;78524
leave;02336 Timothy Groves;001-542-563-3900x6330;89751
education;655 Cochran Squares Apt. 488;658-341-0544x8891;59306
from;107 Anderson Street;578.118.9095x0029;22564
act;571 Ashley Grove Suite 488;(937)207-9215x731;23521
too;271 Callahan Hollow Apt. 842;921.106.5728;41015
again;56169 Maurice Spring;6478871062;36572
enough;6272 Russell Center;932-347-5533;1963
traditional;4789 Kathleen Creek;591.860.5668x15833;14443
others;USCGC Alvarez;(159)990-9637;41072
per;2403 Cline Brook Apt. 016;+1-087-239-0211x5027;59863
including;835 Rogers Vista Apt. 894;+1-368-049-8453x48021;69387
way;60499 Shannon Mission Suite 543;205.411.2011;11382
act;066 Jackson Port Apt. 974;+1-737-866-4142x97319;14416
difference;4166 Stacy Way Apt. 112;353.657.0943;19512
run;51425 Ricky Square Suite 759;527-468-9235;41999
serve;139 Rodriguez Summit Apt. 663;+1-118-981-2073x02257;66802
friend;PSC 0523, Box 4597;(967)873-4611x5587;91760
source;5910 Kevin Field Apt. 192;154-177-8334x499;46439
arm;516 Travis Trail Suite 199;001-657-106-0060;7334
best;194 Smith Stravenue Suite 976;234-543-9703x649;3047
drug;147 Justin Forges;001-583-064-1714x9759;84694
win;6275 Morris Mall;+1-361-227-0899;64693
draw;2027 Harris Ville;380.075.7932;58349
though;57848 Kelly Dale;834-605-5972x45343;75365
poor;40753 Brown Coves Suite 703;709-118-8553;58791
indicate;Unit 1663 Box 9958;001-296-066-3432;96034
carry;97123 Sanchez Port;001-198-937-2994x3568;17297
deal;6488 Washington Isle;001-108-148-9571x9058;82570
collection;254 Michael Field;916.703.8331;22325
create;7609 Meghan Tunnel;046.314.6465x33738;63355
once;8410 Bruce Gateway;+1-467-121-1807x36124;49532
effort;249 Gordon Street;4127088620;62706
near;4502 Ochoa Crossing Apt. 869;(903)838-4797x185;56590
economy;928 Lawrence Square;170-323-8572x9555;99711
sign;6680 Bender Lodge;863.037.3116x307;91563
energy;0198 Karen Mountains;301.118.8366x139;64858
for;98673 Michael Throughway Suite 692;592-793-6683x293;63307
understand;4134 Mason Plaza Suite 252;001-623-970-4927x050;71720
citizen;USCGC Randolph;409-333-8752;99240
lawyer;945 Avila Valleys;442-374-0385x01497;66039
art;112 Nicole Summit Apt. 846;+1-172-801-0516x92860;15415
thousand;8637 Kristopher Mews Suite 095;+1-929-924-4232x3135;86150
nation;USNV Berry;635-598-4113;45374
movie;32701 Baker Knoll Suite 775;425.109.9536x312;39075
thought;587 Lopez Rest;(716)200-8550;91803
likely;3130 David Glen;257.180.1793x850;83061
nearly;826 Olson Ville Apt. 901;3732637323;7325
beautiful;18910 Wilson Lodge Suite 592;+1-578-161-7600;26649
job;995 Hart Field;979-653-7378x71400;74301
between;357 Janice Ville Apt. 218;048.993.5845x846;36091
hear;90988 Bailey Mill;378-358-6704x107;24842
treat;176 Walters View Apt. 714;872-389-1281;25377
entire;256 Thomas Shoal Apt. 567;567.103.0416x67883;81353
whole;2428 Rios Prairie Apt. 983;(011)986-9730;94117
character;95223 Robert Knoll;125-666-8249x453;4628
decade;78757 Santiago Views;+1-891-250-7753x359;48270
year;14714 Peter Port;718-233-6211x79045;73434
arrive;49118 Ashley Spur Suite 113;(480)134-8207;14470
need;54365 Jennifer Drive;778.083.0992;99287
difference;28864 Cory Fork Suite 824;941.042.8451x13592;30965
course;176 Tammy Parks Suite 280;202-761-7321x5326;17431
question;30612 Rodgers Fields Apt. 340;(382)909-7092x991;32105
sound;7504 Kelly Greens Apt. 102;(660)951-3265x7010;63545
government;9345 Williams Junctions Apt. 093;326.145.9369;4169
thought;60164 Austin Rapid;234.916.5509;27400
least;281 Diana Branch Suite 077;761-653-6094;20161
beautiful;811 Tucker Forest;363.093.7716x10490;74947
political;0460 Crosby Crossing Suite 107;+1-233-675-3910;23649
action;46738 Patricia Ridge Suite 626;(256)001-0894x435;56851
someone;67714 Griffin Pass Suite 049;064.231.5460x21826;12634
strategy;31922 Edward View;585-953-5335;96480
room;6884 Gregory Field;067.449.6800;89454
central;318 Rebecca Motorway;+1-515-925-6698;45068
know;74388 Morris Views Apt. 465;(302)427-8201;7177
shake;5560 Monique Pine Apt. 688;140.031.6441x29569;69875
whether;810 Christine Corner;054-685-5411x3476;21390
full;4736 Mary Run;370.353.5454x9672;8529
hospital;3195 Larry Highway;(683)501-7751;23370
local;367 Rogers Circle;(709)150-2211x1870;76215
yourself;3632 Todd Mountain;4837512037;79489
those;214 Kevin Plaza;555.581.5348;41415
main;1406 Huber Ville;(396)330-0471x8461;44612
their;8745 Martin Crescent;620.220.2779x6538;94029
attorney;Unit 6053 Box 0139;001-934-153-4391x0293;95913
put;9980 Thomas Overpass Apt. 987;187.413.1626x79085;80929
action;6048 Spears Ways;802-340-8521;75419
difficult;765 Moss Expressway;273-540-8053x00584;61118
company;60771 Elizabeth Port Suite 127;(825)175-8106x835;76463
customer;5135 Foster Road;3149957562;40196
view;573 Fields Lock;+1-406-551-6328x92286;37611
trip;07571 Christian Harbor Suite 668;4982945854;73289
task;971 Jeffrey Square;(501)563-6995;80570
pick;60533 Rachel Freeway;634.898.6441x810;85318
responsibility;547 Cynthia Key;001-883-634-4289x2028;14256
purpose;93086 Anderson Crossing Apt. 262;038-182-9888x1803;47220
prevent;28234 Joseph Row;001-581-878-8037x495;50616
impact;8589 Barnes Islands;6699531434;31401
model;512 Amber Row Suite 738;(900)365-9743x0124;21447
heavy;1797 Cole Falls;001-152-673-0775x448;10121
reason;76330 Burns Viaduct Apt. 312;001-523-386-6100;90800
image;979 Jerry Fort;(377)627-6926x058;43743
future;67534 Hill Route Suite 313;364-980-8426;3816
north;091 Nichols Drives Apt. 230;729.863.8930x8326;68076
name;9205 Denise Key;001-653-411-3355x22891;39315
usually;1020 Andrea Ford Suite 364;+1-779-432-5736x28819;11067
able;PSC 0860, Box 2889;001-881-563-8374x05091;2618
yes;041 Heidi Gateway;670.035.5108x588;61114
method;2552 Patrick Tunnel Apt. 220;001-517-979-5362x9230;63917
before;239 John Brook Apt. 414;001-651-589-4878x973;52448
over;63800 Brett Burg;(501)989-5194;82044
consumer;7280 Garrett Loaf Suite 523;3704419020;94523
very;USS Thompson;001-651-637-1927x90754;66201
write;09180 Smith Manors Apt. 898;(264)722-0616x3723;41898
give;16658 Washington Path;+1-431-581-5506;81589
science;2609 George Plains;+1-419-082-9089;60424
choice;6543 Christopher Circle;(016)212-0202;26537
second;49567 Kyle Field;+1-008-094-2350x561;79898
culture;095 Sarah Cliffs Suite 781;861-732-3002x783;79584
carry;PSC 1719, Box 0548;(887)272-7303;32587
amount;568 Moore Isle;(976)095-4065x3091;10800
himself;97307 Harris Estates;(609)543-9357x17161;5322
prepare;668 Vanessa Neck;138-750-6644x28462;73700
attorney;85179 Bryant Square;649.882.1441x6202;77785
season;1893 Leroy Stravenue;(888)614-3357x7237;78817
film;5397 Timothy Club;133.809.7549;73147
spring;PSC 0205, Box 7204;+1-029-406-6763x5859;24466
indicate;79983 Danielle Wells Apt. 525;078-808-3283;73232
start;PSC 4651, Box 0406;909.468.6940;97496
maintain;583 Smith Spur;(300)284-0536;45045
their;4867 Jeffrey Dale Apt. 523;214-820-3726x096;30941
forward;04845 Thornton Ways Apt. 486;6191579387;72299
throughout;81836 Whitney Stream;(523)340-5949;6034
follow;Unit 8134 Box 1848;005-548-5089x77069;13890
way;7379 Castillo Knolls;573-081-3982x335;48924
process;52785 Lewis Parks;(378)052-8912x10439;76526
fly;63341 Scott Island;(064)779-1094;69758
senior;2995 Roberts Circles Suite 230;001-866-207-4831;5604
best;74999 Owens Falls Suite 333;477-607-3478x164;72311
compare;38966 Santos Row Apt. 487;817-751-3427x420;22777
morning;4992 Albert Ranch;001-778-055-0678x115;69523
successful;801 Christopher Rapids;2183778669;47751
along;PSC 7463, Box 1251;+1-160-808-2791;14895
newspaper;4899 David Ranch;+1-782-698-8863x9875;68865
same;519 Fleming Summit Suite 389;001-695-287-2426x96666;89706
suddenly;5119 Tammy Plaza;+1-452-708-1618x32411;93133
mouth;06744 Gilmore Light;401.811.3167x87173;57084
rule;PSC 3784, Box 0022;199.830.5935x9185;45538
toward;0135 Beck River;001-260-783-9887;59624
three;39145 Ayala Burgs;(232)644-2500x7558;13302
official;618 Cain Tunnel;7984307966;77007
weight;371 Vasquez Ramp Apt. 640;(017)141-2763;37586
eat;528 Wilkinson Turnpike Apt. 711;001-145-126-6593x81996;2674
design;7662 Michelle Walks;001-143-876-1412;75926
scene;334 Brown Lakes Suite 708;579.950.2472;78488
senior;99419 Donna Ports;001-909-697-4811;6695
guy;77023 Boyd Freeway Apt. 414;001-611-035-1025x3919;86123
skill;Unit 3119 Box 9614;472-429-7573;66290
someone;6281 Bonnie View;001-846-938-9066x65056;30241
paper;7496 Laura Camp;+1-832-318-7018;20745
almost;9458 Heather Loaf;537-458-8958;33548
now;9182 Clark Dam;(502)203-1383x301;49182
former;1778 James Pine Suite 181;(247)943-9126x856;12066
each;3774 Bruce Brooks;+1-222-269-9544x931;23174
manager;84185 Green Ways Apt. 094;001-579-885-0971x95423;64912
collection;1627 Davis Courts Apt. 007;+1-855-684-6178;69665
affect;488 Young Drives Suite 224;+1-504-514-9957x6559;60791
voice;82407 Sarah Prairie;001-510-933-4296x661;10795
wait;07052 Jonathan Springs;(933)024-5752x723;42688
crime;6932 Benjamin Cliff Apt. 889;001-213-349-7709;9962
friend;4325 Andrew Squares Apt. 029;058.027.4371x2754;95572
consider;3272 Smith Port;001-024-568-8489x8219;81081
college;87034 Jason Prairie Apt. 977;685.063.4380x04946;90620
again;0239 Bauer Plaza;258-225-3043x122;38861
person;43446 Pugh Well;(847)159-0681x092;35484
standard;93946 Thomas Walk;707-467-6551;45515
home;326 Levine Lights Suite 496;+1-152-337-0871x39498;62710
far;76276 Nash Plain;5302046507;1932
both;082 Cervantes Lodge;+1-163-726-5841;59158
individual;9944 Aguirre Curve Apt. 341;+1-354-010-9195x382;45534
success;032 Valenzuela Pines Apt. 316;001-560-876-8232x62249;96410
simple;839 David Stravenue;(713)143-6646;63513
some;49819 Gonzalez Port Suite 007;935.368.9672;67563
civil;87276 Taylor Plain;018.909.2255;1724
radio;14946 Ethan Trafficway;019.547.8537x974;37218
measure;464 Kathleen Hills;670.215.3085;66416
use;572 Medina Ranch Suite 814;158-513-2373;98835
level;514 Michelle Estates Apt. 745;257.991.5206;39817
source;53153 Graves Route Suite 605;217-173-5396;78131
however;73866 Newman Isle Apt. 787;504.981.3768x53200;4951
determine;PSC 6353, Box 4682;208.836.2836x307;23975
meeting;00420 Evans Points;(013)259-5042x9922;90220
player;655 Mark Court;8062294560;52820
test;6270 Kimberly Overpass;805-120-3520;11345
determine;3201 Eric Road Apt. 036;2724800002;48424
poor;23043 Colin Hollow;+1-101-808-6751;12243
describe;0065 Waters Grove Suite 437;499.981.4601;97026
participant;789 Barrett Isle;(848)247-9583x1553;10791
newspaper;75977 Destiny Trail;001-747-470-7399x611;25362
safe;993 Krista Shoals Apt. 503;001-050-743-6432x29313;55680
population;71065 Michael Plain;806-393-9751;70287
write;Unit 8501 Box 2286;068-200-3414x3280;11394
act;70617 Thomas Prairie;001-783-163-4274x64848;43120
best;55649 Christopher Summit;981.978.8243x3194;55159
small;Unit 7896 Box 4761;372-931-4108;3007
material;821 Vasquez Stravenue;7639219144;39287
technology;629 Jones Coves Apt. 205;123-681-5739;39985
best;38895 Jasmine Hill Suite 456;001-848-281-0802x103;57706
group;5784 Hurst Shores Apt. 828;(536)308-9490;56405
Mrs;30559 Vaughn Pike Suite 731;(327)756-0971x36858;78178
offer;6527 Emma Locks;2431521170;16685
different;0999 Lisa Manor;150-521-1872;74907
big;4659 Travis Cape Apt. 500;+1-820-909-5278x11337;83347
these;3924 Richardson Green;728-982-1622x056;28579
father;1863 Galloway Gardens;591-026-5742x50436;52398
race;30254 Clark Inlet Apt. 741;644.358.0394;59641
bad;66778 Eric Mountain Apt. 578;+1-571-165-7398x9328;8743
left;949 Leblanc Radial;613.656.4678;53275
still;USCGC Johnson;493-576-7171x49643;13411
fund;5685 Mary Squares Suite 515;791-484-5378;32648
receive;00336 Le Grove;3101673951;36563
speak;PSC 0341, Box 3950;(426)347-6277;74200
fly;7996 Garcia Plaza;3494043009;76397
play;458 Byrd Square Suite 868;4665900299;45218
politics;096 Edward Loop;526.679.6618x9770;84131
much;2196 Johnson Crescent Suite 406;+1-768-399-0851x698;17931
say;818 Frost Harbor Apt. 887;912.114.9303x695;48772
college;80261 Carrie Lights;133.311.6035;81689
process;13911 Burns Harbors Apt. 008;156-018-0761x974;11575
pull;92251 Mcbride Village;+1-783-554-8028;46997
north;878 Laura Harbor Apt. 568;0352091712;22195
model;44725 Abigail Rue Apt. 661;+1-437-384-8187x036;88332
speak;44503 Christina Lane;(219)388-6293;11497
green;5858 Gonzalez Center Suite 160;188.683.4381x280;90410
thus;3544 Coleman Gardens;(359)533-3864x265;7165
become;89312 Stephanie Green;2922557398;37016
statement;460 Shawn Lodge Apt. 841;8648589579;46201
else;004 Suzanne Walks;066-154-9293x5652;13741
around;7851 Bernard Springs Apt. 519;001-415-165-0176x48267;14094
financial;4113 Michael Port;160-242-0285;59877
relationship;177 Ross Skyway Apt. 823;001-921-616-3879x9342;86463
single;36703 Adrienne Union Suite 374;607.340.6843x845;50548
music;810 William Well Suite 318;+1-694-183-8230x619;70065
sell;11637 Walker Path Apt. 136;001-640-059-2272x606;70008
possible;41582 Robert Views Suite 877;347-883-5773x885;3549
public;59969 Strong Center Suite 640;(285)058-5062;48408
she;Unit 9827 Box 6270;685-998-2684x1670;26119
theory;572 Chase Roads;812-783-5075;10552
still;47240 Sheri Ridge;(948)946-1234x72209;79148
amount;USS Conley;7945972322;45736
yard;1312 Alexander Brooks Apt. 903;(388)195-3310x57875;20843
quite;8663 Shannon Station Suite 340;170-430-1130x28566;25839
plan;USNS Blankenship;001-261-957-6878x581;65423
able;3608 Novak Ferry;667-526-9614;81920
establish;096 Jessica Roads Apt. 011;2916421610;46495
throughout;USCGC Jensen;9970276247;58177
talk;54134 Vanessa Run;(990)949-8750;59700
call;8466 Gaines Spurs Suite 667;(962)132-3105;89026
reflect;9976 Kristine Crossing;746-000-8376x324;51863
series;90603 Benjamin Trace;286.095.8939x6050;56230
newspaper;7318 Dennis Forest;766.543.3395x914;39485
feel;0562 Heather Flats;(897)981-6847x050;97992
while;50021 Tyler Landing;3349182948;80101
difficult;3193 Gray Ways;(079)954-9879x356;34074
power;823 Warren Groves Apt. 219;733.177.7576;58200
home;7669 Laura Road Apt. 624;190.568.8307x041;75994
lawyer;4408 Julie Station;648.580.9847x87652;85048
start;749 Michael Lock Suite 414;+1-659-171-2951x4499;30341
oil;86450 Jimenez Hills;430-081-3855x0173;77867
process;83971 James Loaf;906.516.0791x26911;26662
region;2813 Taylor Knoll;195-907-7430;64291
order;6157 Bryce Flats;+1-103-915-7913x6818;12766
place;06061 Pope Curve Apt. 414;651-186-5832x2190;81618
drop;158 Ronald Crest;(016)344-8526x413;99156
beautiful;7213 Melissa Junctions Apt. 740;+1-019-905-3540x917;12004
network;Unit 4854 Box 7988;001-377-008-3700x84735;32105
could;9901 Morgan Fall Suite 471;+1-756-519-7654x6129;86170
phone;235 Anthony Crest;+1-554-304-2578x4798;61069
drug;4318 Cheryl Cove;001-843-078-3336;78206
doctor;0500 Ford Causeway Suite 837;+1-338-025-4478x6975;48046
within;743 Katherine Coves;522.362.1309x4205;96693
impact;855 Ortiz Station;001-206-336-8417x6185;81643
over;82932 Edwin Path;195.514.9128;77564
drop;544 Swanson Meadows Apt. 196;001-075-718-7250x753;81688
decade;97166 Tyler Isle;+1-216-077-1146x117;69630
series;720 Susan Via;(873)686-6324x3465;26426
easy;262 Dustin Extension Apt. 450;(203)138-7729;48663
stage;2462 Hunt Crest Apt. 807;+1-060-426-0656;2593
threat;6803 Jennifer Canyon Suite 353;225-991-5884x8841;80832
loss;270 Manning Stream Apt. 781;351-543-4239x11538;56833
friend;USS Osborne;(765)170-9688x4730;69987
sort;25220 Jose Pines;616.268.4036;51925
whom;7125 Tom Mission Apt. 115;3581579735;70989
charge;Unit 6053 Box 5467;001-970-215-0711x790;84863
appear;470 Warner Circle Suite 695;046-486-3418;52066
like;626 Lee Keys Apt. 792;841-028-6742x1315;91138
memory;0961 Figueroa Keys Suite 083;824.976.1900x565;54974
dinner;89311 Johnson Expressway;285.588.7418;77000
identify;8387 Michael Loop;174.324.9360x075;87072
guess;18277 Destiny Mission Suite 206;173-935-0379;56107
happy;2287 Miller Mountain;001-024-631-3380x008;41853
force;535 Michael Manor Apt. 182;(521)646-1333;3511
keep;64798 Heather Mission Apt. 205;(861)081-6645;43788
system;117 Rodriguez Brook Suite 428;+1-048-417-8011x57142;66189
discussion;79882 Clark Fall;055-564-8609x285;35211
theory;96070 Medina Plains;(607)596-4102x1911;31854
edge;3782 Gregory Alley;327.631.2460x35767;49003
institution;42601 Ashley Park Suite 727;001-362-281-3653x17564;16816
through;8935 Frances Spurs;137.121.1038x096;4759
travel;4209 Garcia Meadow;+1-442-850-9362x80298;53547
remember;86086 David Square;+1-521-023-7959;71977
affect;47498 Wanda Vista Suite 487;001-332-917-9221x86851;97543
spring;60155 Zamora Track Apt. 956;001-642-748-2010;54593
operation;07083 Martin Lake;(789)892-2402x78736;70481
capital;9558 Morris Islands Suite 988;(728)466-1273x87086;90364
project;044 Danielle Forge;+1-661-291-7526x0591;54517
education;45293 Johnson Flat Suite 889;(217)512-2011;29018
owner;16709 Beck Harbor Suite 871;+1-704-472-6244x52872;69440
thousand;65648 Beasley Place Suite 075;(511)944-8586x4812;28866
ability;4022 Daniel Ports Suite 728;(317)551-0728x544;48201
way;88468 Duke Mall;+1-536-347-7486;36907
each;861 Castro Walks;(050)147-0429;27024
Mr;514 Dean Isle Suite 812;357.003.0794;57190
national;707 Rebecca Tunnel Apt. 362;092.743.7878;10797
somebody;74509 Boone Skyway;(133)420-4453x451;76415
give;505 Michael Squares;(526)675-5866x87367;24285
finally;413 Laurie Throughway;+1-544-093-7033x7349;46373
toward;36693 Leon Lodge Suite 431;001-507-124-3819x20975;74609
include;956 Emily Gardens;479-952-1408x5061;10272
several;782 Eaton Ville;307.358.4459;95146
behind;647 Shepard Route;(770)023-4131;62001
start;PSC 4367, Box 9152;106.157.6111x207;80329
toward;8336 Smith Harbor;001-801-012-7089x5860;86839
season;USCGC Rivera;(358)599-3192;88402
environment;25243 Holloway Ports;+1-982-721-5065x996;32227
leader;USNS Jones;110-045-3684x579;80333
arm;232 Brown Hill;867-831-4473x493;36547
citizen;04225 Billy Locks;+1-372-164-6633x64113;59001
tend;518 Eric Turnpike;001-183-235-6598x501;94511
stay;46949 Marie Viaduct Suite 870;875.649.6778x748;8232
kind;827 Vargas Mall Apt. 672;290-841-6020;63247
character;24286 Sheila Lock;(947)890-6049;46975
act;076 Beth Stream Apt. 898;(146)156-1755x993;47553
knowledge;19371 King Street;010-837-8643x173;66805
