f_name;l_name;phone;transport
Joseph;Nelson;+1-150-907-1727x214;Cycle
Nancy;Stanton;7137791850;Car
Shawn;Hammond;+1-347-281-6640x5857;Car
Kimberly;Rowe;001-123-155-2097x419;Cycle
Alicia;Choi;330.565.8815x7190;On foot
Laura;Parrish;+1-160-539-9881x6566;Cycle
Crystal;Cantu;135-690-5602x7618;Bike
Michelle;Williamson;(629)409-3468;On foot
John;Wolfe;709-668-0780;Car
Michael;Lloyd;717-797-2018;Car
Todd;Pollard;+1-474-293-7512x24207;Car
David;Cruz;+1-397-191-7832x4785;On foot
Maria;Anderson;6607359134;Bike
Michael;Lopez;777-860-4622;On foot
William;Fritz;1175124486;On foot
Becky;Hurley;431-580-1849x2983;On foot
Kimberly;Brown;728-392-2194x937;Cycle
Lisa;Harris;(997)757-0700;On foot
Dillon;Sanford;(562)005-5336;Bike
Caitlin;Garcia;+1-801-398-9157x2512;Car
Andrew;Davis;598.951.3126;Cycle
James;Michael;755-784-3915;Cycle
Nicholas;Stanley;463.255.5051x878;On foot
Brian;Lucas;(900)854-0694x039;On foot
Billy;Potter;358.921.7609;On foot
Rachel;Dickson;513-554-8531x454;On foot
Michael;Shaw;+1-719-625-6816;On foot
Julie;Woodward;0079524737;On foot
Kimberly;Allen;(326)169-3911x1343;On foot
Angela;Pacheco;744-767-0843x15570;On foot
John;Hill;4141557198;Car
Nancy;Scott;462.187.2298x1546;On foot
Jay;Vargas;895.741.4138;Car
Christine;Johnson;5349446286;Cycle
Gregory;Hicks;5216534091;On foot
Theodore;Brooks;861-911-2720;On foot
Gary;Hensley;5729329299;On foot
Jose;Webster;+1-099-959-3190x8915;On foot
Joel;Jackson;501.579.5953x453;On foot
David;Jacobs;400.629.8404x0554;Car
Michelle;Maldonado;307-687-2404x1467;Car
John;Davis;170-642-2467;Car
Janet;Brown;980-248-8278;Bike
Natalie;Chavez;547-788-2128;Cycle
Donald;Jackson;(279)227-1147x686;Cycle
Kimberly;Mejia;450.415.3388x33727;On foot
Aaron;Barnett;912-874-5183;Bike
Justin;Spence;+1-196-037-6254;Cycle
Erica;Miller;(208)053-0555;Car
Sonya;Davidson;001-682-558-3077x3928;Bike
Joseph;Morales;4400776750;Bike
Jacqueline;Black;0107858240;On foot
Brittany;White;001-155-994-6787;On foot
Joshua;Walker;+1-177-480-8427x8094;Cycle
Sarah;Nelson;493-911-5218;On foot
Tammy;Brown;(943)936-4392x0506;Cycle
Donald;Frey;717.456.5996x10326;Bike
Molly;Young;001-975-988-4747;Cycle
Gerald;Nelson;8386052347;On foot
Natasha;Franklin;488-394-0620x8243;On foot
Teresa;Shaffer;795.057.4108x736;On foot
Melanie;Flores;196.902.1220x0553;Bike
Megan;Simpson;1715075656;Cycle
Teresa;Roberts;242.386.5371x3911;Cycle
Neil;Mitchell;+1-312-112-9694;Car
Tina;Hernandez;800.588.5424;On foot
Leslie;Hayes;404.197.6769x392;Cycle
Michelle;Wright;001-516-504-3289x796;On foot
Michael;Stanley;+1-754-215-6343x78557;On foot
Brittany;Boyle;(450)816-1186x1659;Car
Christopher;Jacobson;001-924-614-4522x0147;On foot
Nicole;Gray;001-361-078-6058;Bike
Marvin;Mitchell;7696002025;On foot
Steven;Wilson;612-278-3021x567;Cycle
Abigail;Ramos;(170)358-6628x45231;On foot
Abigail;Powell;1964522511;Cycle
Scott;Knapp;(525)631-7818x39025;Bike
Eric;Ellis;764.817.2079x383;Car
Amanda;Allen;(913)161-5646;Cycle
Kelly;Martin;+1-937-653-8092x6486;On foot
Matthew;Bentley;8013807056;On foot
Henry;Gordon;001-023-844-5919x0173;Cycle
Michael;Johnson;(874)979-0373;Bike
Connie;Jacobson;691-075-6664x50531;On foot
Alex;Mcmillan;102-072-2900;On foot
Nancy;Murray;001-220-334-9716;Bike
Maria;Taylor;+1-972-866-6925;Cycle
Megan;Harris;9798357139;Bike
Kevin;Young;307.477.9219;Bike
Joshua;Smith;959-530-2427x83075;Car
Rhonda;Mcdonald;026-038-2220x7576;On foot
Lisa;Beck;917-339-2708;Car
Gary;Ramos;(190)023-5750;On foot
Breanna;Torres;+1-750-504-4379x783;Bike
David;Jacobs;472.900.9195x3892;Bike
Cory;Miller;(269)580-8658;On foot
William;Hicks;235-632-4766x92032;On foot
Danielle;Richard;(877)355-9682;On foot
Mckenzie;Smith;778.330.6335x98884;Car
Lori;Peterson;367-431-7149x997;On foot
Colin;Hernandez;+1-270-635-2421x550;Bike
Cameron;Holloway;001-033-719-9103;Bike
William;Hale;(256)169-1131x220;On foot
Alexandra;Cook;634.501.5164x87448;Car
Colin;Preston;(358)715-2774x13312;Bike
Regina;Wells;4199161152;On foot
Andrea;Hernandez;(616)083-0556x86481;On foot
Joseph;Arnold;+1-702-744-2508x966;On foot
Roger;Ford;(659)929-1625;On foot
Carrie;Brown;2607987411;Car
Robert;Hoover;128.962.2670;On foot
Evan;Gonzalez;(059)500-4965x548;On foot
Nancy;Nelson;+1-130-043-5519;Cycle
Matthew;Mann;(732)982-7342;Car
Nancy;Brown;001-944-361-1279;Bike
Timothy;Smith;438.995.2119x6757;Cycle
Preston;Wright;(394)865-6347x933;Car
Kristina;Mcdonald;(397)310-7610;Car
Michael;Sullivan;062-668-4060x858;Bike
Anne;Hall;(327)120-0604x21896;Car
Steven;Mcdaniel;476-469-7547x3145;On foot
Craig;Castaneda;466.159.0250x141;On foot
David;Palmer;1706864049;On foot
Jacob;Wise;147.341.5731x33758;Car
William;Jones;959.004.8010;Car
Elijah;Wright;238-318-0052;Car
Amber;Weaver;149-850-5588x28090;Car
Sheryl;Glover;079-027-0920x49325;On foot
Randall;Smith;156-121-8122x5299;On foot
Meghan;Chapman;001-145-566-0822x998;Cycle
Christopher;Henderson;+1-504-779-8513;Car
Tracy;Giles;(602)628-6527x476;Cycle
Ryan;Lee;871-429-2135x519;Bike
Nicholas;Glenn;354-848-3831;On foot
Victoria;Jones;(864)262-1210x3490;Car
Angela;Davidson;(935)260-5890;Bike
Edward;Vega;001-870-021-4501x754;Bike
Alex;Swanson;246.029.1897x7310;Cycle
Jennifer;Whitney;+1-329-265-9803;On foot
Patricia;Griffin;390-177-3890;Bike
Daniel;Lopez;+1-698-793-9499;On foot
Thomas;Martinez;924.349.9051x199;Cycle
Lisa;Chen;001-991-285-9563x96714;On foot
Rebecca;Burnett;567.438.0891;Car
Alec;Hughes;042-383-9829x455;Bike
James;Smith;(260)823-3423x573;Car
Lori;Brown;+1-740-090-0057x071;Car
Mark;Johnson;001-372-044-7083x9966;On foot
Victoria;Fisher;001-894-644-7507x05367;Bike
Carrie;Simpson;115-898-2787x58434;On foot
Sara;Kemp;934.378.5999x0711;Bike
Anthony;Navarro;658.494.8535x337;Car
Stephen;Hayes;001-147-884-4525x438;Car
Mary;Gonzalez;(758)309-6871x65611;Car
James;Gibson;805-383-3419x1239;On foot
David;Salas;(400)213-7721x9739;On foot
Brandi;Hernandez;001-746-971-1427x4613;Car
Stacy;Flynn;+1-792-655-6132x145;On foot
Ethan;Smith;001-864-399-1384x0499;Car
Kayla;Martin;356.366.9506;Cycle
Sharon;Stanley;533-498-3588;On foot
Joseph;Stone;001-363-421-6016x34159;Bike
Susan;Dodson;001-046-313-0676;On foot
Sean;Cross;+1-750-039-4540x49519;On foot
Heather;Murphy;001-756-213-4012;Cycle
Charles;Bailey;448-068-0300x29436;Car
Roger;Green;196-379-1543x7964;Car
Michael;Hansen;+1-839-402-6023x1139;Cycle
Richard;Griffin;484.630.7584;Bike
Sarah;Padilla;+1-168-380-7051x8376;Cycle
Cory;Johnson;875.616.8658x5487;Bike
Sherri;Kaiser;945-990-0539;Car
Daniel;Rodriguez;001-319-816-4166;Car
Michelle;Adams;+1-166-447-3992x4608;On foot
Stacey;Fisher;001-935-529-8411x7445;Bike
Paul;Ross;041.194.3822;Cycle
Curtis;Lewis;(527)652-0740x60091;On foot
Daniel;Scott;162.881.7707x706;On foot
Christopher;Soto;+1-461-949-7350x4255;On foot
Michael;Osborne;5313652324;Cycle
Erika;Smith;994.222.5657x90082;Bike
Michael;Wilson;(245)036-2836x799;On foot
Danielle;Tran;+1-746-884-3155x32287;Car
Tonya;Mcintyre;+1-028-875-4436x655;On foot
Joshua;French;5979021089;On foot
Mary;Levy;+1-920-343-5235x549;On foot
Eddie;Sanchez;7164929317;On foot
Troy;Estrada;001-296-564-1766x552;On foot
Paige;Douglas;409.559.6757x601;Car
Roy;Castro;001-872-308-8374;Bike
Karen;Rollins;(541)640-5711;On foot
Elaine;Johns;120.672.0703;On foot
Jorge;Williams;838-154-3667;Car
George;Crawford;001-598-948-7716x60847;Bike
Juan;Vasquez;(642)280-7357x88453;On foot
Jacob;Saunders;343-378-0531x6499;Cycle
Ryan;Horton;346-156-6241x77496;On foot
Andrew;Green;174.775.3432x0376;Car
Michael;Hall;528-688-7114;Cycle
Shelby;Kelly;916.125.9436x93742;Cycle
Cassandra;Jones;328-574-9453;Bike
Ashley;Hansen;345-909-4066x301;On foot
Jonathan;Park;001-227-063-0642x538;Car
Elizabeth;Martinez;(032)192-7971x7923;Car
Jesse;Elliott;436-673-8696;Cycle
Pamela;Floyd;603.959.1374;On foot
Elizabeth;Bailey;001-434-671-0540x11641;Bike
Tracey;Porter;9002001645;Cycle
Ryan;Flores;173-460-1056x9676;Car
George;Obrien;+1-090-077-6049;Bike
Jennifer;Benson;(622)661-1726;Car
Kenneth;Jones;+1-167-421-1331x171;Cycle
Matthew;Santos;472-563-6867x7835;On foot
James;Miller;046.932.0500x307;Bike
Shannon;Morse;(051)191-7253x9936;On foot
Christopher;Harrison;+1-595-334-7801x327;Cycle
Christopher;Schroeder;515.404.4645x0405;Cycle
Brett;Solis;001-990-174-9930x99950;Cycle
Zachary;Snyder;(873)643-7390;On foot
Brian;Gill;434-522-6893;Bike
Johnny;Flynn;001-213-086-1769x02575;On foot
Jesus;Adams;712-202-3938;Car
Kimberly;Jackson;+1-760-169-2380x65486;Bike
Amanda;Santiago;(931)720-1347x4362;Cycle
Marissa;Beltran;990.243.0613;Bike
Michael;Campbell;+1-665-632-7013x454;Car
Craig;Chavez;884.713.7089x99657;On foot
Samantha;Jones;001-018-264-9447x085;Bike
Michael;Torres;001-890-735-7266;On foot
Paula;Green;(194)672-5805x17024;Bike
Hayley;Weiss;(181)981-7593;On foot
Jose;Graham;+1-695-453-1950x9587;Cycle
Michael;Lee;737.906.6642x87097;Bike
April;Silva;944-462-5595x7780;On foot
Tara;Zhang;001-667-115-3531x63035;Car
Jasmine;Gonzalez;001-318-762-5207;Cycle
Michelle;Baker;928-483-4025;Cycle
James;Cruz;+1-654-094-1553x54752;Bike
Diana;Powers;+1-063-339-0244x760;On foot
Thomas;Fleming;(651)126-4479x603;Cycle
Tim;Jacobs;+1-162-180-0835x103;On foot
James;Moore;0448175404;On foot
Donald;Sandoval;+1-143-908-8538;Bike
Michele;Morales;001-585-292-6442x8020;On foot
Kristi;Simpson;(099)389-6326x0451;On foot
Dominique;Glover;554-457-9220x2866;On foot
Steven;Schwartz;001-990-178-7862x02912;On foot
Destiny;Wells;7884955896;Cycle
Alice;Dougherty;403.808.4584x466;Bike
Jeff;Paul;9822146064;On foot
Kristine;Cook;245-362-3003x61444;Car
Troy;Dean;(367)200-6858x44929;Car
Michelle;Figueroa;001-424-004-0315x322;Bike
Christopher;Cunningham;7383933238;Cycle
Steven;Herrera;(346)511-6250x1420;Car
William;Garcia;395-926-1099x78057;On foot
Elizabeth;Williams;484.914.8213x526;On foot
Benjamin;Robles;990-972-8801x163;On foot
Kimberly;Shea;200-276-5006;Car
Robert;Santos;+1-040-545-4574x365;Bike
Stacey;Lopez;(279)192-4622x4584;Car
Kyle;Howard;302.358.7741x49925;Cycle
Paul;Montgomery;+1-097-327-8280x080;On foot
Carlos;Phillips;001-627-593-8363;On foot
Norman;Myers;649.868.9686x5228;On foot
Nathan;Walker;9412146211;On foot
Alexis;Flores;404.713.8797;Car
Kara;Woodward;(883)991-2219x6967;Bike
Gary;Lee;695.213.8613;Bike
Jeffrey;Reyes;043-337-1480x3215;On foot
Cindy;Morris;001-735-688-3790x49197;Car
Stephanie;Rice;001-812-904-9580x136;Car
Joann;Hansen;999-936-0911;On foot
Melissa;Jones;147.033.1577x10450;On foot
John;Salazar;(684)730-4619;Car
Brianna;Franklin;875-495-6334x366;On foot
Robert;Thompson;+1-541-488-2365x63677;Cycle
Victoria;Rodriguez;(638)626-4018x4443;On foot
Amy;Thompson;754.243.0004x247;On foot
Donna;Baker;(458)416-0303x0265;On foot
Dennis;Williams;001-728-685-4567x04409;On foot
Randy;Riley;214.424.9781;On foot
Amanda;Pearson;(769)767-3297x7266;Car
Veronica;Wise;+1-140-255-3557x831;Bike
Larry;Hamilton;(661)938-1905x71598;On foot
Theresa;Jackson;001-862-704-3870x38126;On foot
Sarah;King;(323)006-9171;On foot
Melissa;Shah;594-426-2251;On foot
Jerome;Rodriguez;+1-807-980-3740x653;Cycle
Shelby;Dunn;001-251-674-7309;Cycle
Christopher;Brown;+1-858-426-7284x2367;On foot
Jacqueline;Clark;+1-904-820-9712x35142;On foot
Jennifer;Allen;731-266-5009;On foot
Kim;Farley;001-937-355-6261x86823;Cycle
Samantha;Davis;138.281.4719x4575;On foot
Lindsay;Espinoza;+1-271-802-0886x75552;Bike
David;Chan;+1-371-680-8566x610;Car
Richard;Phillips;946-263-8045x62038;On foot
Thomas;Vargas;141.200.3407;Bike
Tara;Ellis;001-809-360-7660x4972;On foot
David;Wilson;001-591-098-0909x53092;On foot
Brian;Lang;258-547-4558;On foot
Daniel;Good;948.313.8181;Bike
Robert;Rangel;667.100.6567;On foot
Andrew;Anderson;3490148599;Car
Anne;Kline;001-022-750-1014x80075;Cycle
Kimberly;Smith;001-212-787-8165x44441;Cycle
Stephen;Pollard;132.883.8117x0112;Cycle
Arthur;Fisher;+1-502-604-0920x779;On foot
Charlene;Castaneda;+1-806-585-0261;Cycle
Jacqueline;Liu;679-404-7520x46446;On foot
Mariah;Alvarez;586.662.9576x1507;On foot
Tony;Fields;216.961.1714x0906;Car
Sabrina;Woods;2656076097;Car
Glenn;Montes;265.214.5454x280;Cycle
Matthew;Clark;(617)886-2109x770;On foot
Michael;Thomas;030-472-3939;Cycle
Timothy;Meyers;(147)849-4110;On foot
Michelle;Landry;+1-641-137-4872x035;On foot
Adam;Chapman;896-958-7054x011;Cycle
Tonya;Norman;784.956.6808x564;On foot
Amanda;Smith;001-704-250-5585x275;Cycle
Kayla;Thomas;+1-769-590-6638x67999;On foot
Shannon;Fox;(538)914-3797x396;On foot
Tamara;Brady;037.731.8907;On foot
Amanda;Miller;001-449-065-3368x0267;Cycle
Nicole;Miles;+1-941-180-1532x98745;On foot
Lisa;Riggs;(708)387-4428x89768;Car
Troy;Gray;608-276-1526;Cycle
Michelle;Brooks;(321)313-8369x1356;On foot
Joshua;Miller;269-419-7195;Car
Morgan;Soto;611.132.6447x089;Bike
Jackie;Soto;001-172-311-9251x70168;Car
Stacy;Gray;(819)644-9689;Bike
William;Smith;700.994.5797x75398;Bike
Pamela;Dunn;(516)684-0946;Car
Christina;Valencia;001-286-893-2932;Cycle
Gina;Scott;878.262.8223;On foot
Rhonda;Walker;153.114.9124x493;Cycle
Chelsea;Estrada;024-209-8129;Car
Margaret;Gomez;(285)755-6167x4758;On foot
Abigail;Martin;+1-820-302-3896x54936;Car
Jennifer;Rhodes;+1-335-419-3919x908;Bike
Scott;Rosales;040.888.6815x87213;Car
Samuel;Deleon;3323277199;On foot
Misty;Larson;001-387-194-9089;Cycle
Omar;Hansen;821.816.8574x5349;Car
Scott;Obrien;780-040-1983x102;On foot
Jennifer;Howell;486-770-6204;On foot
Daniel;Torres;745-655-1408;On foot
Joseph;Collins;443-132-3498x02975;Cycle
Elizabeth;Leonard;721-875-3800x60923;Cycle
Pamela;Lopez;001-437-162-3182x1272;Bike
Lisa;Ward;+1-284-391-4639;On foot
Juan;Allison;+1-784-874-5611x65335;Cycle
Paula;Chung;560-045-9074x64714;Cycle
Courtney;Burke;001-990-109-9425x8530;Cycle
Jim;Davis;9186828531;Car
Patrick;Andrade;+1-993-531-2045x403;Cycle
Ronald;Brooks;(456)594-5982x3792;On foot
Tyler;Cabrera;001-387-038-6870x8037;Car
James;Kelly;001-107-964-4762;Cycle
James;Duran;013.973.6830x23234;Car
Kristin;Freeman;352-293-1980x46790;Cycle
Nicole;Clark;2992146497;On foot
Sarah;Sandoval;377.329.5413;On foot
Gregory;Smith;034-524-8766;On foot
Jose;Petty;509.688.6928x3371;On foot
Madison;Nelson;613-369-1239x2544;On foot
Kelly;Mcdonald;001-051-914-2313x8071;Car
Donna;Harris;(617)709-3023;On foot
Jeffrey;Oconnor;056.521.9387x4373;Bike
Nicole;Mendoza;4551414803;On foot
Vanessa;Li;062-561-6681;On foot
Jamie;Morales;333-894-5283x20373;Bike
Marie;Stone;(228)423-3347;Cycle
Stephanie;Rodgers;+1-634-380-8761;On foot
Martin;Long;001-993-831-6705x92466;Bike
Eric;Barajas;+1-799-802-9851x004;On foot
Victoria;Aguilar;739.230.9169;Bike
Maria;Moore;(834)703-8513;Cycle
Justin;Mitchell;001-110-239-9190x14151;Car
Amber;Warren;+1-450-985-0461x3256;Car
Aimee;Small;769-652-9016x0462;Cycle
Jeffery;Brown;0701019093;Cycle
April;Gutierrez;851.420.2785x822;On foot
Denise;Reeves;225.756.6876;On foot
Amanda;Lopez;423-334-6470x0762;Bike
Gary;Fisher;(532)366-8992x669;Car
Kathryn;Johnson;107-139-8177;On foot
Kristina;French;3647094566;Cycle
Philip;White;709-162-4095;Bike
Karen;Cabrera;040.574.7443;On foot
Matthew;Houston;001-315-184-9958x489;Cycle
Nicholas;Fischer;7215926727;On foot
Karen;Curtis;496-639-4786;Car
Elizabeth;Haas;+1-494-120-0031x36213;Bike
Alexander;Ward;232.105.0928x94722;On foot
Daniel;Obrien;(390)027-6331x88606;Car
Charles;Jackson;(039)282-3602x00382;Cycle
Sonya;Morris;001-524-373-4313;Bike
Steven;Bailey;001-630-628-5615x22897;Bike
Sophia;Gomez;075.985.1433x1104;On foot
John;Burns;001-536-448-5251x16739;Bike
Victoria;Mcfarland;+1-098-261-1323x360;Car
Craig;Espinoza;591-211-4576x984;On foot
Jacob;Lowery;(830)191-9405;Cycle
Carol;Clark;+1-948-239-4662x395;Car
Andrew;Harvey;001-547-744-5565;Car
Robert;Ramirez;001-635-003-0257x8935;Bike
Donna;Salas;5534129904;On foot
Jamie;Allen;682.524.9217;Car
Betty;Kim;+1-828-390-6104x6239;Car
Lisa;Phillips;909-856-3881x01395;Bike
Jennifer;Martinez;001-297-280-3204x21390;Car
Peter;Christian;+1-395-271-5479x6091;Car
Mary;Hughes;+1-160-765-7502x67799;Bike
Ricky;Lee;401-145-0660x417;Cycle
Jennifer;Edwards;980.013.1831x3161;On foot
David;Roth;0857746633;On foot
Phillip;Lowe;+1-901-849-4677x527;On foot
Frank;Atkins;+1-529-425-3749;Cycle
Megan;Weber;871-649-6314x56639;Cycle
Kayla;York;(570)210-8375x381;On foot
Wendy;Washington;121-451-6549x248;On foot
Justin;Mitchell;259-637-5807;On foot
Megan;Nelson;(366)861-5540;On foot
Daniel;Gill;+1-230-798-5859;Car
Nancy;Levy;+1-377-884-3888x28458;Cycle
Jessica;Macdonald;(499)546-7589x5184;On foot
David;Pena;662.245.5575x600;Car
Aaron;Moss;001-170-247-4618;Cycle
Michael;Vasquez;534.970.7053x410;On foot
Erica;Stanley;289-524-0887x37711;On foot
Beth;Bell;(998)795-4323x40250;Bike
Steven;Lewis;6707525652;Car
Jay;Rogers;(145)946-2265x2563;Bike
Ryan;Richard;625-288-7134;On foot
Daniel;Rodriguez;+1-859-153-9854x6662;Cycle
Timothy;Murray;049.218.5916x484;Bike
Melissa;Webster;916-956-0913x75192;On foot
Douglas;Torres;(079)761-5569x8533;Bike
Norma;Norris;495.999.0068;On foot
Peter;Parks;001-167-333-7033x04594;Car
Lauren;Farmer;880.027.1494x785;Bike
Sharon;Buck;001-925-218-2240x105;Cycle
Eric;Knight;+1-135-788-2866x6147;On foot
Lisa;Romero;+1-227-486-4838x632;On foot
Veronica;Ortiz;+1-355-799-2529x5282;On foot
Samantha;Holland;215.426.7145x2914;Bike
Ryan;Harper;+1-831-759-8925x605;Cycle
Catherine;Christensen;(121)992-7318x4552;On foot
Barry;Joseph;950.839.4025x634;Car
Tracy;Newman;001-903-683-5619x95945;Car
Eric;Villanueva;(478)052-3858x55870;On foot
Craig;Hinton;+1-736-193-9472x90454;Cycle
Harold;Nelson;(002)581-3535;Cycle
Karen;Hayes;+1-549-648-0794x34158;Car
Timothy;Bonilla;905.800.1839x163;Cycle
Christine;Haney;994-291-3256x2944;Cycle
David;Tran;020.928.9707;Car
Loretta;Hess;(169)613-3073;Bike
Dana;Werner;001-105-454-1620x41513;Car
Walter;Dyer;3074218660;Bike
Nicholas;Chen;+1-610-910-0601;On foot
Russell;Hicks;+1-059-259-9021;On foot
Thomas;Jenkins;(013)350-3219x6752;Cycle
Richard;Combs;799.245.9038x357;Cycle
Angela;Graves;001-945-326-8819x7549;Cycle
Veronica;Erickson;+1-251-433-0976x410;On foot
Gina;Walters;177-790-9702;Bike
Kevin;Beck;+1-323-527-3976;On foot
Crystal;Garza;910-231-2769x8797;Cycle
Jason;Martin;+1-357-501-7842x22659;Cycle
Robert;Luna;054-468-6071x5057;Car
Michael;Lawson;9230957351;On foot
Amanda;Brown;703.024.1383;Bike
Barbara;Johnson;2303316897;On foot
John;Johnson;(716)998-3039x7609;Car
Kathleen;Hess;+1-027-453-5031x09074;Cycle
Heather;Kaiser;+1-658-637-2763x948;Car
Robin;James;522-204-8355;On foot
James;Huang;935-352-8570x9545;On foot
Leslie;Cole;001-753-0730x209;Cycle
Susan;Hudson;+1-252-351-4658x102;On foot
Michael;Washington;243.803.3082x26878;Cycle
Michael;Meyers;3778856169;Bike
Jennifer;Parker;+1-689-940-0037x496;Cycle
Carol;Ryan;+1-030-077-4529x6727;On foot
Joann;Silva;2681615799;On foot
Roger;Newman;(285)667-6167x26944;On foot
Lindsay;Alvarez;910-375-9508x782;Bike
Angela;Thomas;715-006-3938x31590;On foot
Eric;Smith;686-498-9610x6930;On foot
Colleen;Logan;(760)899-5913x81248;Car
Natasha;Love;+1-441-613-4663x86367;Car
Wanda;Hunter;+1-119-506-2143x532;Bike
Ethan;Delacruz;215-452-5063;On foot
Linda;Schmidt;001-612-525-1034;Cycle
Morgan;Rogers;001-390-415-1722;Cycle
Thomas;Cunningham;+1-994-133-2519x21790;On foot
Christie;Chavez;264.298.2776;On foot
William;Chavez;(809)240-1390;On foot
Tiffany;Haynes;+1-867-198-6108x287;On foot
Dale;Brown;951.189.2274x44749;Bike
Christopher;Lopez;157.065.7910x558;Car
Ashley;Bell;+1-296-473-5905x4363;On foot
Rebecca;Anderson;913.314.0446x09185;Car
Jon;Simon;001-985-180-2186x6298;Cycle
David;Kennedy;(251)584-7701;On foot
Shelly;Porter;(128)360-1519x2169;Cycle
Nathan;Foley;324-133-8096;Bike
Nicole;Williams;001-419-618-6950x3275;Bike
Michael;Hunter;001-671-904-8117x83645;Car
Sarah;Castillo;0155701340;Car
Scott;Young;766-754-1961x257;Cycle
Todd;Flores;(833)149-6683;Car
Steven;Mcpherson;241.186.5752x34099;Bike
Jennifer;Mathews;225-884-0616;Bike
Melissa;Walker;001-589-785-4964;Car
William;Cooper;001-069-531-0602;On foot
Melanie;Carney;997.913.1798x349;Car
Robin;Gomez;+1-873-146-6471x97761;Bike
James;Johnston;001-143-837-3645x71983;Car
Deborah;Richmond;001-121-666-5422x398;Cycle
Daniel;Smith;369-074-9385x26953;Bike
Juan;Murray;+1-530-599-3016x4288;Cycle
Victoria;Thompson;001-887-275-6739x7826;Cycle
Eric;Wilkerson;494-753-6560x62328;Cycle
Andrew;Guerrero;(490)455-0491x57491;Car
Christopher;Stone;(376)359-8526x6298;Car
Angela;Combs;601-707-4679x239;Cycle
Amber;Vargas;+1-039-610-5357x926;Cycle
Sara;Ford;690-634-8532x7410;Car
Cynthia;Reeves;390-636-1919;On foot
Sean;Buckley;189.820.2325;Bike
April;Hartman;001-635-945-1927x079;Car
Anna;Martinez;3929431796;On foot
Jessica;Anderson;267.608.6795x225;Car
Anna;Snow;506.958.4712x975;Car
Joshua;Farley;454.554.5535x16699;Cycle
Gail;Garcia;867.691.8815x2746;On foot
Kyle;Garcia;312.993.3777;Car
Scott;Williams;3008186127;Cycle
Nicole;Hall;+1-907-191-5536x527;Cycle
Nicholas;Torres;001-824-626-4280x78816;On foot
Jessica;Bass;001-594-316-4056x769;Bike
Nicole;Melendez;674-337-1938x95106;On foot
Mary;Hammond;+1-213-196-2061x567;Car
Melinda;Lee;523.999.4023;Cycle
Sarah;Diaz;001-825-642-0095x88622;Cycle
Heather;Wilson;652.470.4381;On foot
Jason;Williams;+1-493-434-1265x32347;Bike
Diana;Diaz;+1-961-674-9319x57363;Cycle
Gwendolyn;Howard;(404)284-1200x36133;On foot
Brent;Moore;479.837.2490;On foot
Tyler;Murray;106-368-5054x5135;On foot
Kathryn;Hubbard;436-101-5103;On foot
Stacey;Green;(705)141-4581;Bike
Joseph;Jones;+1-193-124-8255x6306;On foot
Christopher;Johnson;(199)657-3693x3537;Cycle
Steven;Buck;001-067-143-2088x54575;On foot
Joshua;Hawkins;(323)932-6928x33806;Cycle
Tara;Taylor;+1-101-372-1337;Bike
Jacqueline;Bailey;001-217-277-2493x780;Cycle
Francisco;Gutierrez;(245)599-6438;On foot
Sara;Walker;033.873.4408x363;Car
Lindsey;Bell;223-486-9897;Cycle
Jimmy;Bryan;864-677-1624;On foot
Daniel;Martin;001-648-422-5253x71482;On foot
Mark;Taylor;243.911.8608;On foot
Yolanda;Gibbs;(254)136-8672x92834;On foot
Patrick;Adams;077.278.1957;On foot
David;Wilson;335.750.0320x558;On foot
Daniel;Martin;+1-656-726-5719x0973;Cycle
Joshua;Robinson;+1-984-227-1230x5502;On foot
Brian;Oconnor;001-960-458-5690x9704;On foot
Zachary;Mendez;7172371362;Cycle
Robert;Walker;1381269020;Cycle
Natasha;Berry;254-263-6396;Cycle
Bryan;Freeman;(430)502-4853;On foot
Joseph;Thomas;730-059-3666x5891;Cycle
Amanda;Jones;(849)302-9346x209;Bike
Linda;Banks;+1-768-166-9429x318;Cycle
Adam;Butler;316.424.0529x35498;Car
Ronald;Williams;(815)741-1079x17743;Cycle
John;Carney;046-466-2454x93508;Car
Carrie;Vang;824.218.3835;On foot
Melissa;Sims;+1-039-427-0401;On foot
Vincent;Reyes;+1-483-780-5403;Car
Tiffany;Watson;231.686.3093x344;Bike
David;Wilkins;001-621-066-1422x35867;Bike
Lisa;Montoya;(452)391-3714x293;On foot
Shelly;Meyer;(311)543-5391x533;Bike
Cynthia;Martinez;+1-694-685-1208x2428;Car
Tammy;Frazier;+1-733-656-5602x48984;Bike
Linda;Harrell;608-451-6485x525;Cycle
Daniel;Wells;+1-013-457-1462x41939;Bike
Jacqueline;Parker;001-360-140-4234;On foot
Jacob;Martinez;(441)705-5075;Bike
Danny;Oconnor;2881163450;On foot
Calvin;Jones;001-129-034-4771x380;On foot
Erica;Reed;001-546-881-9527;On foot
Thomas;Shepherd;(379)600-8337x51249;On foot
Alexander;Zimmerman;+1-522-026-8439x188;On foot
Tanya;Martinez;001-406-055-6588x605;On foot
Susan;Newman;001-283-894-8504x7037;Cycle
Shannon;Dickerson;+1-749-432-2110x88806;On foot
Jennifer;Graham;+1-471-023-6655;Cycle
Joseph;Gibbs;201.209.8110x430;On foot
John;Sawyer;+1-953-329-2562x1206;Car
Brian;Burke;406-508-2038x160;On foot
Teresa;Hill;+1-602-897-7330x5603;Bike
Christopher;Jordan;521-687-7068x213;Car
Charles;Adams;841-159-8869;Car
Bruce;Velez;129.890.7740x126;On foot
Tyler;Smith;+1-279-980-8053x768;On foot
Mary;Weber;908.456.8390x017;On foot
Shawna;Chambers;7756152729;On foot
Dylan;White;667.350.5170x858;Car
Tina;Allen;001-826-077-5592x813;On foot
Brittany;Beard;993-643-1900x4539;Car
George;Steele;763.217.1110x851;Cycle
Robin;Hayes;001-968-918-8568x26909;Cycle
Bonnie;Washington;7905523482;On foot
Aaron;Marshall;001-981-484-5226x242;Bike
Christopher;Hall;001-979-040-2568x1676;On foot
Megan;Patel;766.730.5146;On foot
Gloria;Jordan;546-097-2279;On foot
George;Harris;(568)521-6020;On foot
Amber;Patton;158-116-4266;Car
David;Ruiz;884.492.7667;On foot
Amy;Brown;416.569.2099x556;Cycle
Haley;Cunningham;056-112-1296;On foot
John;Johnson;045-683-2003;On foot
Elizabeth;Clark;9303303052;On foot
Peggy;Bishop;391-632-2168x659;On foot
Warren;White;632-588-1388x1849;Bike
Luis;Gibbs;001-828-826-4655x656;On foot
Dennis;Lara;049-108-6597;On foot
Michael;Chang;654-576-2314;Bike
Tommy;Young;(712)650-8258x3514;Bike
Michael;White;552-728-8739x7254;On foot
Samantha;Farmer;397-596-0038x6410;Bike
Daniel;Stewart;(157)805-0836;On foot
Phillip;Sampson;957.534.5320x78590;On foot
Bruce;Cantu;+1-290-564-8675x94692;On foot
Melinda;Lopez;844.489.1245x831;Bike
Robert;Brown;475.803.4230x9837;On foot
Kristine;Dixon;+1-690-624-6975x862;Cycle
Ray;Harrell;923-556-2531x7097;Bike
Chloe;Ward;(364)753-9412x194;On foot
Benjamin;Washington;649.029.5677x0348;Car
Heather;Garza;001-197-262-0607;Cycle
Courtney;Gonzales;4331982536;On foot
Erin;Martinez;282-033-8571x9134;Car
Michael;Reynolds;093-682-1200;On foot
Matthew;Russo;881-139-4062x8875;On foot
Kevin;Petty;001-496-201-6755x4018;Car
Jeffrey;Allen;810-588-4648;Car
Vincent;Collins;001-988-629-4240;Cycle
Phillip;King;067-038-7440;Bike
Cynthia;Thomas;+1-943-752-5672x4183;Cycle
Christy;Greer;(390)048-6957x1523;On foot
Cameron;Sweeney;(416)942-2905x8154;Bike
Kimberly;Gonzalez;(716)284-5781x270;Bike
Maria;Stevens;(826)288-9769x0573;On foot
Kristen;Harrison;157-466-0569x228;Car
Gail;Riddle;583.056.2324;Bike
Ashley;Gomez;001-668-176-7442x16984;Cycle
David;Ray;+1-393-961-2831x86737;Cycle
Matthew;Campos;200.347.3980;Bike
Julia;Rogers;(025)351-0966;On foot
Christina;Singh;238.416.0084x551;On foot
Paul;Welch;(692)446-2280x4081;On foot
Haley;Nguyen;010.847.5723x883;On foot
David;Todd;3700973437;On foot
Jeremy;Reid;150-674-2116x85169;Cycle
David;Poole;001-638-124-3608x1264;On foot
Matthew;Hill;+1-315-987-3465;On foot
Cynthia;Young;046.193.3559x52056;Cycle
Terri;Hernandez;+1-155-571-5533x14354;Car
Elizabeth;Pace;476.493.3202x2267;Cycle
Brendan;Kirk;189.877.0627;Car
William;Porter;469-693-1201;Car
Oscar;Davis;001-058-743-4753x236;Car
William;Norman;+1-878-388-1223x2277;Cycle
Krystal;Wilson;(609)540-5105x924;Bike
Heather;Wilson;4570582768;On foot
Lisa;Stone;+1-865-159-9262;On foot
Matthew;Adams;+1-899-165-3882x745;Car
Andrew;Yates;(470)603-8276;Cycle
Stephanie;Wells;(646)311-6428x2197;Car
Victoria;Solis;158-211-5530;Cycle
Nicole;Quinn;091-964-8431;On foot
Nicole;King;597.477.9859x32295;Cycle
Amanda;Ruiz;860-205-2388x513;Bike
Maria;Sullivan;+1-477-301-6743x771;On foot
Kristen;Todd;224.807.8405x3148;On foot
Tammy;Baker;+1-397-965-3689;Cycle
Karen;Maldonado;+1-910-918-4229x9090;On foot
Kristin;Stevens;119.721.1478;Car
Jessica;Valenzuela;417.526.9959x48123;Car
Dustin;Haney;001-806-307-6492x9748;On foot
Kendra;Williams;965.592.0621x283;On foot
Robert;Morrison;276-860-4688;On foot
Jeremiah;Herrera;8871549259;On foot
Brenda;Bentley;(328)801-3409x95086;Cycle
Katherine;Wiggins;(484)922-6172x6317;Car
Gilbert;Wall;001-473-647-9009x91719;Bike
Donald;Thomas;001-369-067-6449x1175;On foot
Dawn;Nelson;877.530.0413x64621;On foot
Natasha;Ferguson;001-165-020-8778x2908;Bike
Mary;Johnson;001-652-366-8954;Cycle
Carmen;Grimes;(949)039-5482;Cycle
Emma;Maldonado;159.114.6691x63195;Car
Gail;Collins;001-166-298-2740x14167;Cycle
Richard;Martinez;725-807-4688x34727;On foot
Michael;Walton;+1-846-563-8900x505;On foot
Jason;Spencer;965.251.8039;On foot
Scott;Harrison;8097936746;On foot
Rebecca;Brown;2117859194;On foot
Andrea;Taylor;623.127.7651;Car
Michaela;Yoder;(171)373-2101x1662;On foot
Rhonda;Ortega;739-445-9593;On foot
Jillian;Tucker;(472)051-6652x5323;Car
Alicia;Smith;567-471-2926x357;On foot
Anthony;Bradford;838.337.2116x623;On foot
Kathleen;Garza;+1-878-409-8068;On foot
Manuel;Fuentes;(487)274-0047;On foot
Brittney;Mays;(727)982-2185x8439;On foot
Christy;Pierce;152-001-1145x538;Bike
Julian;Elliott;001-059-190-4070x7012;Cycle
Eric;Vega;(727)857-8566;Bike
Kyle;Higgins;(902)293-1638x0420;Car
Carmen;Herrera;+1-268-785-0754x85258;On foot
John;Bell;(562)652-0355x84269;Bike
Donald;Vargas;(804)302-9402x09391;Cycle
Heather;Stone;+1-563-282-6497x57617;Car
Taylor;Jackson;8645897805;On foot
Brandon;Henderson;775.355.8595x368;Bike
Nicole;Black;825-705-8902;On foot
Keith;Frank;001-193-893-8982x9001;Car
Daniel;Wright;(986)933-3936;On foot
David;Smith;+1-419-653-3868x16157;On foot
Brittany;Camacho;959.281.3530x87054;Car
Devin;Johnson;001-210-266-7434x2334;On foot
Dennis;Byrd;744.459.8163;On foot
Amanda;Morse;(632)925-1831;Car
Penny;Kane;(972)599-4107x8110;Cycle
Julia;Nunez;855-354-3281x8033;Bike
Lisa;Diaz;+1-682-886-8887x59819;Bike
Anthony;Ortiz;7154715161;Bike
Tyler;Robinson;912-186-3750;On foot
Amber;Montgomery;442-906-4317x00154;Bike
Hunter;Massey;001-925-743-8702x793;On foot
Karen;Smith;314.573.7494;Bike
Laura;Fuller;7444726599;Car
Jessica;Martin;(848)168-6227x1163;On foot
Jamie;Underwood;129-774-7522x883;On foot
Gregory;Hawkins;764.623.9846;Car
Rachel;Bullock;996-757-5720x71018;On foot
Taylor;Brown;3817507852;Bike
Brandi;Hall;001-869-173-7939x66734;On foot
Michael;Powers;+1-685-067-3794x95123;On foot
Christopher;Chavez;132.693.5440x37604;Bike
Elizabeth;Miller;905-443-9396x62681;Car
Patricia;Phillips;153.860.0103x419;Cycle
Donna;Cole;687-684-5932x354;Car
Jessica;Brown;931.530.8757;Bike
Shawn;Nelson;+1-243-721-0255x9493;On foot
Katherine;Campbell;117-431-4587;Car
Charlotte;Ellison;001-444-766-8369;Bike
Thomas;Gray;711.594.2301x1890;Car
Anne;Rasmussen;001-023-958-7067x127;Cycle
Mason;Chapman;(698)677-2520x67793;Cycle
Angela;Brown;(074)383-7112;Bike
Danielle;Baldwin;001-116-367-4684;Car
Brian;Hernandez;924-294-2289x76083;Cycle
John;Rose;+1-147-118-4877x208;Bike
Daniel;Dawson;(595)576-9242x37333;Bike
Ian;Harris;7089070083;On foot
Andrea;Richardson;908-657-2039;On foot
Christopher;Young;(099)930-9214x466;Car
Alyssa;Lopez;+1-518-827-6098x41916;Cycle
Chase;Owen;622-012-6668;Car
Matthew;Goodwin;+1-010-188-9096x0049;On foot
Corey;Velazquez;5642122012;Car
Kimberly;Higgins;+1-233-603-7783;On foot
Angela;Walker;8100242901;On foot
Allison;Yu;001-871-870-5441x623;Car
David;Weaver;+1-007-714-3980;Car
Taylor;Parker;524-738-7802;On foot
Tony;Mason;244.866.9141x43740;Bike
Andrea;Coffey;+1-232-883-8846x30148;On foot
Pedro;White;001-277-404-2665;On foot
Gregory;Smith;(343)429-5845x15519;On foot
Randy;Shaw;311-533-1130;On foot
Frederick;Huynh;001-462-378-3050x7092;Cycle
David;Short;+1-389-775-0438;On foot
Dylan;Martinez;954.403.9577x20928;Cycle
Alejandro;Walsh;1502594025;On foot
Michael;Molina;001-280-440-5933x0464;Car
Tyrone;Simpson;001-379-522-6187;On foot
Erika;English;400-343-0910x151;Bike
Linda;Davis;9798384065;On foot
David;Tran;187-382-0222x4125;Cycle
John;Soto;215.072.1275x1330;Cycle
David;Lindsey;518.799.4885;On foot
Heather;Cruz;299.133.4083;Bike
Chad;Gibson;648.075.2289;Cycle
Regina;Jackson;2242673075;On foot
Christian;Hawkins;0956450749;On foot
Kevin;Hopkins;+1-863-319-3956x601;Car
Kenneth;Porter;+1-641-190-6103x318;On foot
Zachary;Suarez;943.444.0108x4991;On foot
Andrew;Sharp;5364840981;Bike
Colleen;Myers;(511)614-5135;Cycle
Rachael;Jacobs;(023)612-8757x854;On foot
Jay;Dickerson;+1-569-726-5483;On foot
Laura;Cameron;176-900-0706;Cycle
Andrew;Crawford;357.415.4209x9031;Car
Amy;Robinson;+1-005-570-9297x545;Cycle
Grant;Rogers;+1-278-502-9463;On foot
Derek;Ellison;(237)334-3888x1964;Cycle
Suzanne;Vasquez;645.399.1643x80153;Bike
Ashley;Wilkins;702-983-2370x27400;Bike
Amy;Smith;102.307.1556x26337;Bike
Katherine;Lee;9719123730;On foot
Andrew;Bell;001-472-990-7353x502;Bike
Maria;Hamilton;(640)043-6749;On foot
Anthony;Wilkerson;292.780.0638x7726;Car
Jamie;Campbell;(505)797-8042;On foot
Michael;Miller;234.784.4910;Cycle
Samantha;Stewart;001-475-971-6387x865;On foot
John;Campbell;688-515-4858x2573;Bike
Craig;Murphy;001-622-393-6787x6940;Cycle
Darrell;Massey;6024290691;On foot
Michelle;Martin;(534)494-8330;Car
Jason;Sullivan;(438)545-9566x0189;Car
Candice;Davis;+1-086-871-3754;On foot
Francisco;Fischer;220-931-0206;Cycle
Jeremiah;Khan;+1-366-006-7990x753;On foot
Daniel;Lindsey;934-840-0003;On foot
Beverly;Wise;108-637-3590x34040;On foot
Ryan;Fox;905-377-5556x0716;Bike
Steven;Ellis;312.932.8963x92913;Car
Melissa;Rodriguez;284.758.0556;On foot
Jessica;Larson;(418)495-2256x13198;On foot
Jean;Smith;905.757.5968;Bike
Betty;Edwards;378-269-6855x65706;On foot
Jennifer;Johnson;641.744.9401x592;On foot
John;Medina;001-632-118-8923;Bike
Sarah;Gallagher;+1-419-368-4475x8448;Bike
William;Austin;256-467-8722;On foot
Justin;Garrison;183-085-8625x9567;Car
Ashlee;Meza;(326)764-7656;Cycle
Jared;Grant;598-485-1102x974;Car
Angela;Harris;6811137311;Bike
Samantha;Henry;+1-391-587-0471;On foot
Lisa;Parker;+1-562-143-6934x397;On foot
Brady;King;844.402.8662x813;Cycle
Denise;Foster;537-960-0322x740;Car
Colleen;Petersen;+1-255-802-8261x041;Cycle
Joel;Pierce;(815)283-2316x02937;Cycle
Joshua;Peterson;278.134.6884x28675;Bike
Steven;Johnson;710-788-7821x730;Cycle
Jessica;Wall;7162995855;On foot
Justin;Greene;664-319-6829x021;Cycle
Todd;Flores;+1-232-003-1491;On foot
Kimberly;Reese;+1-855-329-9289x22472;On foot
Destiny;Combs;(983)358-5745;Cycle
Kenneth;Bradley;(570)233-2604x4383;On foot
Michael;Martinez;(180)826-2300;Car
Christopher;Adams;(296)183-4211;On foot
Dustin;Bauer;244-462-9992x22693;Bike
Patrick;Morris;458.698.8450x24283;On foot
James;Bell;001-120-936-1911x97519;Cycle
Nicholas;Adams;001-416-199-2887x9842;Car
Kevin;Young;842.565.6300x771;Car
Daniel;Jenkins;+1-283-459-8232x33452;On foot
Stacey;Long;8612932644;On foot
Troy;Kim;001-566-419-2140;Car
Stephanie;Gilbert;876-074-3610;Bike
Keith;Herring;001-356-577-7168x17863;On foot
Bryan;Shields;418.186.5152x2943;Car
Dana;Williamson;(683)081-2326;Car
David;Cruz;+1-575-151-5546x37644;Bike
Rachel;Rose;(907)304-6413;Cycle
Margaret;Henson;+1-001-595-2096x59586;Cycle
Lori;Norman;9112638363;Bike
Brian;Archer;6574163113;On foot
Alexis;Flynn;+1-021-052-6477x924;Car
David;Patterson;001-947-618-9144x781;On foot
William;Johnson;001-522-913-0031x77326;Bike
Andrea;Brown;(485)235-8131;On foot
Wanda;Collier;633.897.8084x8036;Car
Sonya;Evans;914-653-9964x231;On foot
Debbie;Martin;001-688-372-9594;On foot
Justin;Smith;(890)345-6267;On foot
Mitchell;Gamble;203-801-8751x227;Bike
Kelly;Reed;(031)232-6390x6049;Cycle
Christopher;Ware;001-150-373-8720x961;On foot
Sandra;Nicholson;001-332-765-9823x7200;On foot
John;Hutchinson;(576)305-5729x895;Car
James;Hayes;001-342-211-9271x4474;Cycle
Jeffrey;Booth;446-576-6239x6035;Bike
Anthony;Arnold;(244)781-2219;Cycle
Alexander;Coleman;001-566-768-3891x129;Car
Anthony;Blevins;+1-894-969-6763x554;Bike
Alex;Stevens;9208257903;On foot
David;Mitchell;+1-764-905-3104x2842;Car
Seth;Williams;+1-111-868-3333x8384;Bike
Daniel;Obrien;5476213347;Bike
Angela;Griffin;441.999.0234x65376;Cycle
Michael;Stanton;7562458931;Car
Katherine;Barr;(850)384-6593;Cycle
Michael;Price;213-424-5699;On foot
Robin;Walton;+1-406-521-8027;Cycle
Cheryl;Moore;218.418.6107x401;Bike
Nicole;Underwood;381-625-9505;Car
Melissa;Patel;279-193-7226x2666;Cycle
Jeffrey;Brennan;347-346-5159;On foot
Theresa;Hubbard;(981)907-3822;On foot
Beverly;Skinner;(190)084-5764x42540;Cycle
Philip;Thomas;5601112984;On foot
Elizabeth;Fitzgerald;5957263628;On foot
Walter;Kaufman;727.779.3967x22688;Bike
Kelly;Young;261-282-1493x59747;Cycle
Anthony;Quinn;+1-934-376-8187x3434;Bike
Timothy;Anderson;001-228-207-0463x5573;On foot
Sherry;Morris;+1-611-061-0574x880;On foot
Nicole;Williams;+1-912-288-7626;Car
Sarah;Sullivan;308.612.7192x14022;Car
Jamie;Vasquez;748-887-8584x444;On foot
Debra;Sanders;001-924-643-7772x2596;On foot
Jessica;Sanchez;001-745-163-0026x147;On foot
Patricia;Dominguez;+1-585-194-9286;Cycle
Julie;Ruiz;351-947-5984x881;On foot
Jack;Russell;+1-338-844-7706x997;Car
Roger;Goodwin;001-557-139-8008x044;On foot
Joanna;Lam;523.072.0661x220;On foot
Jennifer;Holland;(913)852-1663x39007;Car
Lisa;Nguyen;001-422-563-9250;On foot
Adrian;Ortiz;359.828.0389;On foot
Mackenzie;Landry;238.989.5101;Cycle
Jeffrey;Henderson;+1-538-730-1376x25543;On foot
Shelley;Hansen;(316)309-5476;Car
Krista;Finley;001-486-072-7743x37430;On foot
Dennis;Lee;476.393.4491x7847;On foot
Hannah;Wilkerson;001-606-967-6871x216;Bike
Frances;Osborne;2450266388;Car
Veronica;Brooks;001-147-444-3894;Bike
Dakota;Barker;(099)262-5327;Car
Caleb;Reed;001-345-037-5585x3042;Car
Mary;Reynolds;544.446.6049x2643;Bike
Melissa;Gillespie;001-047-806-0921;Bike
Christina;Brooks;991-334-9658x9621;Bike
Jason;Nelson;358.070.8481;Car
Jenna;Cox;900-433-0656x892;On foot
Marcia;Bailey;001-013-298-5015x54049;On foot
Wendy;Smith;(241)331-8352x30162;Car
Richard;Castro;+1-051-683-6483x590;Car
Elizabeth;Williams;001-451-388-2427x30540;Bike
Alexander;Watson;661-474-9108x265;On foot
Katherine;Burton;(129)114-4777x034;Bike
Tim;Boyd;594.488.9455;On foot
Scott;Torres;(988)793-9931x736;Cycle
William;Hunter;412-548-4053x9681;Car
Mariah;Jenkins;+1-668-595-4320x2593;On foot
Claudia;Benton;679-204-6451;Car
Alexandria;Burns;+1-191-261-2891x263;Car
Christina;Lewis;+1-778-596-7129x736;On foot
Ashley;Calderon;3509128795;Bike
Sabrina;Todd;5745185639;Bike
Amanda;Rice;949-979-9742x23982;On foot
Teresa;Calderon;(130)106-6581;Car
Reginald;Moore;038-270-7564;On foot
Timothy;Maxwell;+1-375-669-7146x71520;Cycle
Shelby;Clements;(041)157-6020x362;Car
Elizabeth;Johnson;+1-430-736-5756x2108;On foot
Christopher;Evans;481-543-1854x15448;On foot
Ryan;Ingram;001-320-369-5215x92172;Bike
Daniel;Downs;535.923.3346x97035;Cycle
Antonio;Robinson;7736242168;On foot
Michelle;Parker;001-239-040-3345x1332;On foot
Kristin;Jackson;397.948.1646;Cycle
Alexander;Pham;514-565-4071;On foot
Lynn;Hill;604-544-9370x159;Bike
Jeremiah;Davis;8960206836;Bike
Cristian;Esparza;340-828-6875x666;Car
Brenda;Warren;+1-877-295-9883;On foot
Paul;Andrews;448.351.7608x35816;On foot
Leonard;Willis;304-614-7745;Bike
Elizabeth;Adams;(589)876-1108x2522;Bike
Jonathan;Rivera;+1-297-956-5802x636;On foot
Eric;Leach;(952)389-7233x9737;Bike
Rachel;Kim;250-285-7468x7062;On foot
Craig;Dean;617-991-6752;Cycle
Andrew;Garner;001-880-643-9147x8574;On foot
Miguel;Anderson;438.792.2035x96466;On foot
Donald;Jones;420.535.5726;Cycle
Meghan;Johnston;811-554-2928x9879;Bike
Brent;Jackson;6353772569;Car
Charles;Warner;277-917-5177x83952;Car
Justin;Reynolds;001-346-308-1070x269;Car
Ashley;Roth;(426)452-5137x706;Car
Margaret;Silva;643.025.8522x33091;On foot
Eddie;Adams;(701)686-6944x51693;Cycle
Shannon;Williams;001-833-173-7444x6234;On foot
Joshua;Alexander;136-866-9429x7036;On foot
James;Ritter;084-544-4157;On foot
Katherine;Bentley;937-835-6498x6692;Bike
Jessica;Flores;(917)857-7176x0856;On foot
Daniel;Henry;0450596014;Cycle
Andrew;Ryan;+1-457-524-7464x7581;Car
Kara;Robinson;(042)970-8170;On foot
Michelle;Mosley;001-044-655-7074x0056;Car
David;Farmer;687.762.9139;Bike
Michael;Calhoun;+1-515-485-0134x22081;Bike
Amanda;Warren;(393)115-0093;Cycle
Joseph;Wong;+1-942-505-1134x09978;Car
Chris;Obrien;764-114-6876;On foot
Michael;Walker;(279)106-3489x415;On foot
Richard;Taylor;001-167-971-2722;On foot
Michelle;Horton;(917)359-8704;On foot
Scott;Prince;585-206-8125x0933;On foot
Peter;Brock;+1-724-098-3758x1390;On foot
Paula;Aguirre;817.751.3585x784;On foot
Michelle;Atkinson;848.165.3315;Cycle
Bruce;Bennett;(792)896-8400;Bike
Melissa;Wheeler;487.248.0596x6470;Cycle
Brandy;Mcclure;001-326-826-7945x8693;Bike
Kaitlyn;Zhang;(553)343-4170;Cycle
Drew;Bishop;001-746-906-8074x247;Car
Zachary;Gray;+1-910-121-6880x342;Bike
Alyssa;Mathis;6470636893;Bike
Jessica;Rich;(320)486-8480x6590;Car
Brittany;Brown;(512)770-5046;Bike
Alexis;Knight;651-530-2689x869;On foot
Lisa;Miller;1966613836;On foot
Karen;Williams;9391276546;Cycle
Andrew;Parker;167-777-0337;Cycle
Emily;Carson;(427)610-3343x570;On foot
Jean;Wilson;+1-275-030-1718x2967;Cycle
Angel;Robinson;748.577.3914x720;On foot
Alex;Esparza;012.000.8584x05779;On foot
Patricia;Jackson;+1-131-094-0817x98638;Bike
Eugene;Anderson;(800)376-2732x7953;On foot
Scott;Butler;001-850-863-2559x458;Car
Tonya;Lee;932-291-0647;Bike
Briana;Rivas;001-970-162-0040;Car
Kenneth;Perez;+1-904-032-9972x00504;Bike
Stephen;Davis;684.065.5892x82966;Cycle
Amy;Lucas;(887)770-5329x6038;Car
Jeffery;Lee;001-508-632-3035x9361;Bike
James;White;+1-706-327-2087x942;Cycle
Drew;Burgess;(893)979-2799;On foot
Angela;Edwards;+1-451-595-8859x7313;Cycle
David;Petersen;0654901654;Cycle
Dillon;Donovan;589-837-5894;On foot
Alexander;Cowan;+1-339-967-9939x19653;On foot
Ashley;Mitchell;8556960928;Car
Carlos;Sanders;+1-659-815-0748;Cycle
Sherry;Flowers;(091)321-2396;On foot
Sally;Jimenez;150-420-7590x627;On foot
Debra;Walker;+1-810-847-3575x1122;Bike
Michael;Pierce;5268968285;Car
Wanda;Buckley;+1-730-627-9469x18721;On foot
Cheryl;Johnson;+1-587-070-2361x929;Cycle
Nicholas;Mitchell;856.193.4450;Car
Mark;Oneill;(701)517-7070;On foot
Brian;Taylor;(942)456-0119;Bike
David;Roberts;625-987-8906x131;Car
Robert;Adams;001-238-031-9291x37198;Car
Gloria;Sims;285-533-5516;Cycle
Patricia;Gomez;001-215-756-1395x744;On foot
Kelly;Mcdowell;523-712-1130x00322;Cycle
Jason;Hernandez;3275143231;Cycle
Crystal;Levy;487.149.6627x38339;Cycle
Brittney;Barnett;5467553462;Cycle
Laura;Morales;001-289-392-6593x4599;Bike
Kim;Tate;+1-770-044-2388x739;On foot
Darrell;Alvarez;+1-842-304-7995x87229;On foot
Thomas;Gallegos;+1-303-230-9839x515;Bike
Richard;Moore;(838)837-8061;On foot
Phillip;Davis;+1-777-886-9477x38149;Cycle
Brandon;Montoya;(412)707-0738;Cycle
Darren;Gonzales;173-551-4161x826;Cycle
Jason;Hill;763.869.7764x0241;Cycle
Laura;Cooper;(717)426-9945x6506;On foot
Sally;Oconnor;0514629799;Car
Kimberly;Sanchez;001-594-720-6988;On foot
James;Bell;775.234.7376x80213;On foot
Jaclyn;Austin;+1-196-907-4564x2831;Car
Nancy;Fischer;+1-865-914-1355x1384;Cycle
Dana;Garner;001-309-950-3834x80940;On foot
Megan;Ellison;+1-146-978-4099x072;On foot
Randy;Adams;+1-489-748-8065x0046;Car
Thomas;Erickson;716-244-4740x30793;On foot
